BARCODE,PKEY,LOCATION,FRAMENUM,MANUFACT,MODEL,SIZE,FCOLOUR,FRAMETYPE,SUPPLIER,QUANTITY,TEMPLE,DEPTH,DIAG,BASECURVE,RRP,EXCOSTPR,TAXPC,FRSTATUS,AVAILFROM,NOTE
10292,78541,OPT,AUS000863,CLARITY,4742,56-18,C3,MEN,AUSSIE OPTICAL,1,140,35,56,0,$149.00,12.5,GST 10%,PRACTICE OWNED,31/10/2025,0
7971,78542,OPT,AUS000296,CLARITY,4713,51-17,C6,MM,AUS,1,140,32,54,,$149.00,8.75,10,PO,/  /,
11963,78543,OPT,AUS000864,CLARITY,4802,58-17,C2,MEN,AUSSIE OPTICAL,1,145,39,58,0,$149.00,12.5,GST 10%,PRACTICE OWNED,31/10/2025,0
11239,78544,OPT,AUS000865,CLARITY,4767,54-16,C7,WOMEN,AUSSIE OPTICAL,1,135,36,54,0,$149.00,12.5,GST 10%,PRACTICE OWNED,31/10/2025,0
14351,78545,OPT,ESS000163,2.5 NVG,OPH 306,48-23,BLK,UNISEX,ESSILOR,1,145,44,48,0,$80.00,,GST 10%,PRACTICE OWNED,31/10/2025,0
4803,78546,OPT,ESS000164,2.5 NVG,OG 10,55-16,BLK,MEN,ESSILOR,1,145,39,55,0,$80.00,,GST 10%,PRACTICE OWNED,31/10/2025,0
10294,78547,OPT,AUS000818,CLARITY,4850,58-17,C3,MM,AUS,1,145,38,61,,$120.00,12.15,10,PO,/  /,
10393,78548,OPT,ESS000157,Apollo,9984,46-15,C4,BS,ESS,1,125,28,45,,$80.00,13.7,10,PO,/  /,
10237,78549,OPT,ESS000139,2.5 NVG,OPH 305,57-16,01,MS,ESS,1,145,39,61,,$80.00,11.85,10,PO,/  /,
10246,78550,OPT,ESS000148,2.5 NVG,OPH 202,50-15,07,US,ESS,2,135,30,50,,$80.00,17,10,PO,/  /,
10245,78551,OPT,ESS000147,2.5 NVG,OPH 311,49-20,0209,UM,ESS,2,146,45,50,,$80.00,17,10,PO,/  /,
10247,78552,OPT,ESS000149,2.5 NVG,OPH 104,53-16,05,US,ESS,2,140,32,54,,$80.00,17,10,PO,/  /,
10250,78553,OPT,ESS000152,2.5 NVG,OPH 200,53-17,0606,US,ESS,2,135,34,54,,$80.00,17,10,PO,/  /,
10240,78554,OPT,ESS000142,2.5 NVG,OPH201,52-16,0205,MM,ESS,2,135,37,52,,$80.00,17,10,PO,/  /,
6014,78555,OPT,ESS000107,Apollo,6707,52-18,C36073A Brown,US,ESS,1,145,36,57,,$80.00,12.8,10,PO,/  /,
2679,78556,OPT,ESS000035,Apollo,6696,52-18,Pink,LS,ESS,1,135,39,53,,$80.00,12.8,10,PO,/  /,
8720,78557,OPT,ESS000135,Apollo,6711,53-16,CY362S,LS,ESS,2,135,41,54,,$80.00,14.5,10,PO,/  /,
2617,78558,OPT,ESS000007,Apollo,6698,50-16,Y362S,LS,ESS,1,135,39,51,,$80.00,13.94,10,CO,/  /,
8719,78559,OPT,ESS000134,Apollo,6711,55-16,C41952,LS,ESS,1,140,44,57,,$80.00,14.5,10,PO,/  /,
10241,78560,OPT,ESS000143,2.5 NVG,OG 30,49-19,2020,US,ESS,2,140,44,49,,$80.00,17,10,PO,/  /,
7781,78561,OPT,000000029,Apollo,1012,50-19,62398,GS,,2,125,26,51,,$80.00,0,10,CO,/  /,
6016,78562,OPT,ESS000109,Apollo,6704,51-18,C.Y362S,US,ESS,1,145,36,54,,$80.00,12.8,10,CO,/  /,
7663,78563,OPT,ESS000127,Apollo,6711,53-16,LT PINK,LS,ESS,1,,41,54,,$80.00,0,10,CO,/  /,
7664,78564,OPT,ESS000128,Apollo,9984,50-15,C4,BS,ESS,2,,29,46,,$80.00,0,10,CO,/  /,
10242,78565,OPT,ESS000144,2.5 NVG,OPH 306,48-23,306,UM,ESS,5,145,44,48,,$80.00,17,10,PO,/  /,
10375,78566,OPT,ESS000156,APOLLO,9984,50-15,TORT,GS,ESS,1,134,30,49,,$80.00,14.5,10,PO,/  /,
7665,78567,OPT,000000026,Apollo,1014,43-16,BLUE,BS,,3,120,25,42,,$80.00,0,10,PO,/  /,
7662,78568,OPT,000000025,Apollo,1013,40-19,40193,GS,,2,125,30,42,,$80.00,0,10,CO,/  /,
6352,78569,OPT,ESS000112,Apollo,9871,54-21,C2,MM,ESS,1,140,33,54,,$80.00,13.98,10,PO,/  /,
5634,78570,OPT,ESS000099,Apollo,9871,54-21,C3,MM,ESS,1,140,33,53,,$80.00,15.1,10,PO,/  /,
6587,78571,OPT,ESS000120,Apollo,9963,56-18,C1,MM,ESS,2,145,38,59,,$80.00,13,10,CO,/  /,
7667,78572,OPT,ESS000129,Apollo,9959,52-17,C1,MM,ESS,2,138,32,56,,$80.00,0,10,PO,/  /,
10244,78573,OPT,ESS000146,2.5 NVG,OPH 103,52-17,02,BM,ESS,2,135,31,54,,$80.00,17,10,PO,/  /,
4214,78574,OPT,ESS000091,Apollo,9846,54-17,C3,MM,ESS,1,140,38,53,,$80.00,15.1,10,PO,/  /,
4058,78575,OPT,ESS000081,Apollo,9846,54-17,C1,MM,ESS,1,140,37,52,,$80.00,15.1,10,PO,/  /,
10239,78576,OPT,ESS000141,2.5 NVG,OGH 318,60-20,0202,MM,ESS,2,145,50,65,,$80.00,11.85,10,PO,/  /,
6588,78577,OPT,ESS000121,Apollo,9963,56-18,C2,MM,ESS,3,145,38,58,,$80.00,13,10,CO,/  /,
3979,78578,OPT,ESS000076,Apollo,9827,58-20,C1,MM,ESS,1,145,46,61,,$80.00,0,10,CO,/  /,
8630,78579,OPT,ESS000133,Apollo,9959,52-17,C2,MM,ESS,1,135,33,56,,$80.00,15.6,10,PO,/  /,
4059,78580,OPT,ESS000082,Apollo,9876,50-18,C3,LM,ESS,3,135,28,48,,$80.00,32.89,10,PO,/  /,
5831,78581,OPT,ESS000102,Apollo,6655,50-22,Brown,MHS,ESS,1,140,27,50,,$80.00,11.85,10,CO,/  /,
7052,78582,OPT,ESS000125,Apollo,6686,48-22,Y335,MHS,ESS,2,135,28,49,,$80.00,13.8,10,PO,/  /,
5830,78583,OPT,ESS000101,Apollo,6655,50-22,Crystal,MHS,ESS,1,140,27,50,,$80.00,26.29,10,CO,/  /,
5081,78584,OPT,ESB000001,Apollo,9927,51-16,C1,LM,,1,140,30,52,,$80.00,15,10,PO,/  /,
4060,78585,OPT,ESS000083,Apollo,9875,51-17,C3,LM,ESS,2,135,36,49,,$80.00,15.1,10,CO,/  /,
6347,78586,OPT,ESS000115,Apollo,9875,51-17,C2,LM,ESS,3,135,36,51,,$80.00,13.98,10,PO,/  /,
4063,78587,OPT,ESS000086,Apollo,9876,50-18,C2,LM,ESS,2,135,28,49,,$80.00,13,10,CO,/  /,
5440,78588,OPT,ESB000005,Apollo,6605,54-18,C4602,MS,,2,145,44,58,,$80.00,14.08,10,PO,/  /,
10120,78589,OPT,000000037,Apollo,9924,56-17,C2,MS,,-8,140,36,58,,$80.00,17.11,10,PO,/  /,
4464,78590,OPT,ESS000089,Apollo,6604,52-18,4254,MS,ESS,1,135,44,56,,$80.00,26.29,10,PO,/  /,
5441,78591,OPT,ESB000006,Apollo,6605,52-18,C4254,MS,,1,145,48,58,,$80.00,14.08,10,PO,/  /,
6810,78592,OPT,ESS000122,Apollo,6710,54-17,Blk,MS,ESS,2,140,32,55,,$80.00,13,10,PO,/  /,
6866,78593,OPT,ESS000123,Apollo,6710,54-17,TORT,MS,ESS,2,140,,,,$80.00,13,10,PO,/  /,
7666,78594,OPT,000000027,Apollo,9924,53-17,C1,MS,,1,,34,55,,$80.00,0,10,PO,/  /,
6349,78595,OPT,ESS000117,Apollo,9838,46-20,C3,MM,ESS,2,135,29,46,,$80.00,13.98,10,PO,/  /,
5082,78596,OPT,ESB000002,Apollo,9926,46-17,C1,UM,ESS,2,135,23,46,,$80.00,15,10,PO,/  /,
4062,78597,OPT,ESS000085,Apollo,9870,44-20,C3,MM,ESS,3,130,24,44,,$80.00,32.89,10,PO,/  /,
5647,78598,OPT,ESS000100,Apollo,6709,50-17, C.1,LS,ESS,2,145,30,48,,$80.00,14.08,10,CO,/  /,
5083,78599,OPT,ESB000003,Apollo,9926,46-17,C3,MEN,,1,135,23,46,,$80.00,15,GST 10%,PRACTICE OWNED,29/10/2025,
10248,78600,OPT,ESS000150,2.5 NVG,OPH 101,52-16,0505,US,ESS,2,140,37,53,,$80.00,17,10,PO,/  /,
5084,78601,OPT,ESB000004,Apollo,9926,46-17,C2,UM,,2,135,23,46,,$80.00,15,10,PO,/  /,
2891,78602,OPT,ESS000161,2.5 NVG,207,51-16,BLK,WOMEN,ESSILOR,1,135,35,51,0,$80.00,0,GST 10%,PRACTICE OWNED,22/10/2025,0
7897,78603,OPT,ESS000162,2.5 NVG,R2C CF 010,50-19,CT0619,WOMEN,ESSILOR,1,140,42,50,,$0.00,0,GST 10%,PRACTICE OWNED,28/10/2025,0
8279,78604,OPT,AUS000437,CLARITY,4641,52-17,C2,LM,AUS,1,138,31,52,,$120.00,9.75,10,PO,/  /,
7759,78605,OPT,AUS000243,CLARITY,1224,52-18,C3,MM,AUS,1,135,38,53,,$149.00,9.75,10,PO,/  /,
10558,78606,OPT,AUS000840,CLARITY MILAN,4789,53-18,C4,LM,AUS,1,140,36,56,,$120.00,10,10,PO,/  /,
8686,78607,OPT,CLARITY 4905 C3,CLARITY,4905,54-17,C3,,,,,,54,,$120.00,,,,,
8690,78608,OPT,CLARITY 4913 C1,CLARITY,4913,53-16,C1,,,,,,53,,$120.00,,,,,
8685,78609,OPT,CLARITY 4850 C2,CLARITY,4850,58-17,C2,,,,,,58,,$120.00,,,,,
8674,78610,OPT,CLARITY 4732 C3,CLARITY,4732,2 58-1,C3,,,,,,58,,$120.00,,,,,
8684,78611,OPT,CLARITY 4850 C1,CLARITY,4850,58-17,C1,,,,,,58,,$120.00,,,,,
8679,78612,OPT,CLARITY 4788 C7,CLARITY,4788,52-15,C7,,,,,,52,,$120.00,,,,,
8678,78613,OPT,CLARITY 4788 C6,CLARITY,4788,52-15,C6,,,,,,52,,$120.00,,,,,
8681,78614,OPT,CLARITY 4802 C1,CLARITY,4802,58-17,C1,,,,,,58,,$120.00,,,,,
8688,78615,OPT,CLARITY 4907 C5,CLARITY,4907,45-17,C5,,,,,,45,,$120.00,,,,,
8676,78616,OPT,CLARITY 4775 C6,CLARITY,4775,57-17,C6,,,,,,57,,$120.00,,,,,
8447,78617,OPT,AUS000495,CLARITY,4741,53-17,C3,MM,AUS,1,140,34,56,,$149.00,9.75,10,PO,/  /,
10271,78618,OPT,AUS000795,CLARITY,4838,52-16,C3,LM,AUS,1,135,38,54,,$120.00,12.15,10,PO,/  /,
10549,78619,OPT,AUS000831,CASA,324,52-16,C3,LM,AUS,1,142,42,53,,$130.00,12.5,10,PO,/  /,
9021,78620,OPT,AUS000580,CLARITY,4779,55-15,C2,LS,AUS,1,140,41,56,,$120.00,9.5,10,PO,/  /,
9024,78621,OPT,AUS000583,CLARITY,4775,55-19,C3,LM,AUS,2,140,47,56,,$149.00,9.75,10,PO,/  /,
8834,78622,OPT,AUS000546,CLARITY,4711,53-18,C1,MM,AUS,1,140,32,56,,$149.00,9.5,10,PO,/  /,
8671,78623,OPT,CLARITY 2131 C2,CLARITY,2131,54-17,C2,,,,,,54,,$120.00,,,,,
14052,78624,OPT,AUS000861,CLARITY,1191,53-17,C2,MEN,AUSSIE OPTICAL,1,140,33,53,0,$120.00,0,GST 10%,PRACTICE OWNED,22/10/2025,0
8823,78625,OPT,AVI000008,TABITA,SIMMING GOGGLE,,,LS,,2,,,,,$160.00,82.3,10,PO,/  /,
9987,78626,OPT,AUS000733,I-SPY,129,48-19,C1,BS,AUS,1,139,32,54,,$169.00,29,10,PO,/  /,
11437,78627,OPT,AVI000135,NANO,CAMPER 3.0,46-14,3041346SC,KIDS,AVIVAMANN,1,135,36,53,0,$230.00,,GST 10%,PRACTICE OWNED,21/10/2025,
7656,78628,OPT,OPQ000883,Convertibles,9426,52-16,A,MM,OPQ,1,140,29,53,,$270.00,107.96,10,PO,/  /,
9003,78629,OPT,OPQ001103,Stepper,STS-40158,51-17,Fo29,MM,OPQ,1,135,44,52,,$270.00,85.5,10,PO,/  /,
12263,78630,OPT,ORO000491,LE SPECS,BIO-BUENO,53-19,2351526,UNISEX,SUNSHADES,1,145,41,53,0,$219.00,,GST 10%,PRACTICE OWNED,21/10/2025,
13303,78631,OPT,ORO000494,LE SPECS,SOLSTICE,49-20,2551590,WOMEN,SUNSHADES,1,145,45,49,0,$219.00,,GST 10%,PRACTICE OWNED,21/10/2025,
10044,78632,OPT,RIM000293,EVATIK,9292,56-18,S412,MEN,RIMOPTICS,1,150,40,57,0,$280.00,139,GST 10%,CONSIGNMENT OWNED,22/10/2025,0
10387,78633,OPT,OPQ001304,CONVERTIBLES,91019,53-16,B,LS,OPQ,1,135,43,53,,$320.00,116.96,10,PO,/  /,
10600,78634,OPT,RIM000275,EVATIK,92787,59-16,M300,MS,RIM,1,150,,,,$280.00,73.82,10,PO,/  /,
9716,78635,OPT,OPQ001213,Stepper,SI-82218,46-17,F600,MR,OPQ,1,140,40,47,,$310.00,103.5,10,PO,/  /,
9444,78636,OPT,BON000279,AOA,8168,54-16,C2,LR,BON,1,138,43,58,,$269.00,20,10,PO,/  /,
14963,78637,OPT,APO000431,LA MATA,3375,52-19,C1,WOMEN,APO,1,140,40,52,0,$440.00,,GST 10%,PRACTICE OWNED,21/10/2025,
11088,78638,OPT,APO000439,ARTLIFE,WELCH 68725,54-16,511,WOMEN,APO,1,140,45,54,,$250.00,,GST 10%,PRACTICE OWNED,21/10/2025,
7428,78639,OPT,TOM000001,Tomato Glasses,Tkac2,43-15,Grn,GS,TOM,1,125,30,44,,$250.00,0,10,PO,/  /,
8716,78640,OPT,AUS000542,I-SPY,085,46-15,C2,BS,AUS,1,128,31,48,,$169.00,25,10,PO,/  /,
8206,78641,OPT,AVI000145,NANO,FLICKER 3.0,44-14,3181244,KIDS,AVIVAMANN,1,120,35,44,0,$179.00,,GST 10%,PRACTICE OWNED,28/10/2025,0
2303,78642,OPT,AVI000142,NANO,FLICKER 3.0,48-15,3180548,KIDS,AVIVAMANN,1,132,39,48,0,$179.00,,GST 10%,PRACTICE OWNED,28/10/2025,0
453,78643,OPT,AVI000151,BFLEX,B-YOU,54-16,020554,UNISEX,AVIVAMANN,1,145,34,54,,$260.00,84,GST 10%,PRACTICE OWNED,28/10/2025,0
10712,78644,OPT,AVI000146,NANO,ARCADE CF,46-17,730146,KIDS,AVIVAMANN,1,134,39,56,0,$189.00,0,GST 10%,PRACTICE OWNED,28/10/2025,0
4280,78645,OPT,AVI000141,BFLEX,B-FLEXIBLE,54-17,090354,KIDS,AVIVAMANN,1,145,40,54,0,$260.00,84,GST 10%,PRACTICE OWNED,23/10/2025,0
3344,78646,OPT,AVI000138,NANO,FANBOY,54-16,3171854,KIDS,AVIVAMANN,1,148,40,54,0,$239.00,80,GST 10%,PRACTICE OWNED,23/10/2025,0
8832,78647,OPT,MOD000280,Kaledscope,ELSA,48-16,C1,GM,MOD,1,140,33,48,,$195.00,58.5,10,PO,/  /,
10264,78648,OPT,AUS000764,CLARITY,1321,50-16,C1,LS,AUS,1,135,33,51,,$120.00,10.75,10,PO,/  /,
9821,78649,OPT,AUS000697,CLARITY,1320,48-17,C3,GS,AUS,2,135,35,48,,$120.00,10.75,10,PO,/  /,
1810,78650,OPT,AVI000149,NANO,XTREME,54-16,3290354,KIDS,AVIVAMANN,1,140,38,54,,$260.00,84,GST 10%,PRACTICE OWNED,28/10/2025,0
9556,78651,OPT,RIM000205,SENSES,HOPKINS,55-17,C2,MS,RIM,1,140,33,57,,$169.00,35,10,PO,/  /,
9897,78652,OPT,RIM000225,SENSES,BARBARA,53-18,C1,LM,RIM,1,140,39,53,,$169.00,35,10,PO,/  /,
9491,78653,OPT,RIM000203,SENSES,ELBE,50-16,C3,US,RIM,2,140,35,49,,$169.00,35,10,PO,/  /,
8634,78654,OPT,9.34914E+12,SENSES,HUGH,56-18,C3,US,,1,150,42,56,,$169.00,,,,,
10677,78655,OPT,RIM000282,SENSES,AGUPPI,54-15,C5,LS,RIM,1,140,37,54,,$169.00,35,10,PO,/  /,
10680,78656,OPT,RIM000285,SENSES,NANCY,57-16,C3,LS,RIM,1,145,43,58,,$169.00,35,10,PO,/  /,
10565,78657,OPT,RIM000272,SENSES,ZELDA,52-17,C2,LM,RIM,1,140,39,52,,$169.00,35,10,PO,/  /,
9402,78658,OPT,RIM000186,SENSES,NILE,50-17,C4,GS,RIM,1,140,28,51,,$169.00,35,10,CO,/  /,
10035,78659,OPT,RIM000233,SENSES,TRUMAN,54-17,C3,MM,RIM,1,145,40,57,,$169.00,35,10,PO,/  /,
7459,78660,OPT,RIM000054,SENSES,NOLENE,53-15,C3,LS,RIM,1,140,37,52,,$169.00,35,10,CO,/  /,
10036,78661,OPT,RIM000234,SENSES,WHITLAM,52-16,C2,MM,RIM,1,145,37,55,,$169.00,35,10,PO,/  /,
8724,78662,OPT,RIM000116,SENSES,YARRA,47-18,C3,GS,RIM,1,130,30,48,,$169.00,35,10,CO,/  /,
8807,78663,OPT,RIM000136,SENSES,ROHY,55-18,C2,MS,RIM,1,140,37,57,,$169.00,35,10,PO,/  /,
10566,78664,OPT,RIM000273,SENSES,FRAN,54-16,C2,LM,RIM,1,140,43,54,,$169.00,35,10,PO,/  /,
9561,78665,OPT,RIM000210,SENSES,OPHELIA,54-17,C1,MM,RIM,1,135,34,55,,$169.00,35,10,PO,/  /,
8730,78666,OPT,RIM000122,SENSES,ROSEHILL,51-19,C1,MM,RIM,1,145,27,53,,$169.00,35,10,CO,/  /,
8637,78667,OPT,9.34914E+12,SENSES,CASPER,48-17,C3,US,,1,135,40,48,,$169.00,,,,,
10679,78668,OPT,RIM000284,SENSES,POLLARD,57-18,C2,MM,RIM,1,150,39,62,,$169.00,35,10,PO,/  /,
9686,78669,OPT,RIM000219,SENSES,COLORADO,52-17,C2,MS,RIM,1,140,36,51,,$169.00,35,10,PO,/  /,
9397,78670,OPT,RIM000181,SENSES,LEONIE,53-17,C2,LM,RIM,1,135,34,53,,$169.00,35,10,CO,/  /,
10445,78671,OPT,RIM000263,SENSES,ANGELENE,51-17,C5,LS,RIM,1,140,36,50,,$169.00,35,10,PO,/  /,
10443,78672,OPT,RIM000261,SENSES,KIARRA,53-17,C2,LM,RIM,1,140,41,54,,$169.00,35,10,PO,/  /,
8182,78673,OPT,RIM000086,SENSES,OBAMA,53-18,C3,MM,RIM,1,140,32,54,,$169.00,35,10,CO,/  /,
8175,78674,OPT,RIM000079,SENSES,PERCY,60-21,C2,MM,RIM,1,145,38,62,,$169.00,35,10,CO,/  /,
8536,78675,OPT,RIM000102,SENSES,ANGELENE,51-17,C1,LS,RIM,1,140,36,50,,$169.00,35,10,CO,/  /,
8640,78676,OPT,9.34914E+12,SENSES,CURTAIN,55-18,C2,MM,,1,145,33,55,,$169.00,,,,,
8635,78677,OPT,9.34914E+12,SENSES,CHARLENE,54-16,C1,LS,,1,135,39,54,,$169.00,,,,,
10305,78678,OPT,RIM000248,SENSES,SEINE,52-17,C4,US,RIM,1,140,36,54,,$169.00,35,10,PO,/  /,
8389,78679,OPT,RIM000093,SENSES,GUS,57-16,C2,MM,RIM,1,145,46,61,,$169.00,35,10,CO,/  /,
10440,78680,OPT,RIM000258,SENSES,VOLT,50-15,C4,GS,RIM,1,134,36,51,,$169.00,35,10,PO,/  /,
10444,78681,OPT,RIM000262,SENSES,BELLA,54-17,C2,LS,RIM,1,140,41,56,,$169.00,35,10,PO,/  /,
9558,78682,OPT,RIM000207,SENSES,CORAL,52-16,C1,LS,RIM,1,135,36,52,,$169.00,35,10,PO,/  /,
10448,78683,OPT,RIM000266,SENSES,BAMBI,48-15,C4,GS,RIM,1,135,34,48,,$169.00,35,10,PO,/  /,
8535,78684,OPT,RIM000115,SENSES,CARO,54-17,C1,LM,RIM,1,140,37,54,,$169.00,35,10,PO,/  /,
10678,78685,OPT,RIM000283,SENSES,ZANCARA,51-16,C3,GS,RIM,1,145,31,51,,$169.00,35,10,PO,/  /,
8394,78686,OPT,RIM000098,SENSES,ANNEMARIE,53-16,C3,LM,RIM,1,135,33,55,,$169.00,35,10,CO,/  /,
10452,78687,OPT,RIM000270,SENSES,OLLIE,48-17,C3,LS,RIM,2,135,40,48,,$169.00,35,10,PO,/  /,
9487,78688,OPT,RIM000199,SENSES,LOMU,61-21,C3,MN,RIM,1,150,39,63,,$169.00,35,10,PO,/  /,
8725,78689,OPT,RIM000117,SENSES,MARTHA 11,52-16,C3,LM,RIM,1,135,33,52,,$169.00,35,10,CO,/  /,
10446,78690,OPT,RIM000264,SENSES,IGOR,52-20,C2,MM,RIM,1,140,33,54,,$169.00,35,10,PO,/  /,
8173,78691,OPT,RIM000077,SENSES,ANGELENE,51-17,C4,LS,RIM,1,140,36,50,,$169.00,35,10,CO,/  /,
10632,78692,OPT,RIM000276,SENSES,MITCH,54-17,C3,MS,RIM,2,140,36,56,,$169.00,35,10,PO,/  /,
10442,78693,OPT,RIM000260,SENSES,MAGAW,59-19,C4,MS,RIM,1,150,44,61,,$169.00,35,10,PO,/  /,
8397,78694,OPT,RIM000101,SENSES,THURSTON,54-18,C1,MM,RIM,1,145,29,56,,$169.00,35,10,CO,/  /,
9485,78695,OPT,RIM000197,SENSES,AGUPPI,54-15,C1,LS,RIM,1,140,37,54,,$169.00,35,10,PO,/  /,
9394,78696,OPT,RIM000178,SENSES,ABE,53-18,C3,MM,RIM,1,140,43,56,,$169.00,59.95,10,PO,/  /,
10384,78697,OPT,RIM000255,SENSES,QUEENIE,53-17,C3,LM,RIM,2,140,36,53,,$169.00,35,10,PO,/  /,
10449,78698,OPT,RIM000267,SENSES,BELLA,54-17,C3,LS,RIM,1,140,41,56,,$169.00,35,10,PO,/  /,
9117,78699,OPT,RIM000157,SENSES,FRED,56-17,C1,MM,RIM,1,145,35,57,,$169.00,35,10,CO,/  /,
7454,78700,OPT,RIM000049,SENSES,WILLY,58-19,C4,MM,RIM,1,145,33,60,,$169.00,35,10,CO,/  /,
8540,78701,OPT,RIM000106,SENSES,DRAGO,56-20,C3,MS,RIM,1,145,33,57,,$169.00,35,10,PO,/  /,
10310,78702,OPT,RIM000253,SENSES,QUEENIE,53-17,C1,LM,RIM,2,140,33,53,,$169.00,35,10,PO,/  /,
10385,78703,OPT,RIM000256,SENSES,MAGGIE,52-16,C1,LM,RIM,1,135,36,51,,$169.00,35,10,PO,/  /,
10451,78704,OPT,RIM000269,SENSES,MOLLY,54-16,C1,LS,RIM,2,140,40,54,,$169.00,35,10,PO,/  /,
9387,78705,OPT,RIM000171,SENSES,VOLT,50-15,C3,GS,RIM,1,135,36,51,,$169.00,35,10,CO,/  /,
9395,78706,OPT,RIM000179,SENSES,JONAH,61-21,C3,MM,RIM,1,155,39,65,,$169.00,35,10,CO,/  /,
10447,78707,OPT,RIM000265,SENSES,OLLIE,48-17,C1,LS,RIM,2,135,40,48,,$169.00,35,10,PO,/  /,
10382,78708,OPT,AVI000117,NANO,CREW 3.0,48-15,3020848,GS,AVI,1,133,30,48,,$179.00,65,10,PO,/  /,
10303,78709,OPT,AVI000102,Nano,FLICKER,44-14,3180144,GS,AVI,1,120,35,43,,$179.00,65,10,PO,/  /,
10684,78710,OPT,AVI000130,Nano,SPRITE,44-13,3060344,GS,AVI,1,120,33,43,,$169.00,58.65,10,PO,/  /,
10299,78711,OPT,AVI000098,Nano,CREW,46-14,3021946,BS,AVI,1,135,28,47,,$179.00,65,10,PO,/  /,
10367,78712,OPT,AVI000112,Nano,ARCADE 3.0,48-15,3010248,BS,AVI,1,133,33,49,,$179.00,45.5,10,PO,/  /,
10458,78713,OPT,AVI000120,Nano,CAMPER 3.0,46-14,3040346,BS,AVI,1,135,32,46,,$179.00,65,10,PO,/  /,
10683,78714,OPT,AVI000129,Nano,PIXEL 3.0 SC,48-15,3071248 SC,GS,AVI,1,132,38,48,,$220.00,74.97,10,PO,/  /,
7157,78715,OPT,AUS000159,CLARITY,1186,46-17,C2,LS,AUS,1,125,33,46,,$120.00,9.35,10,PO,/  /,
7954,78716,OPT,AUS000279,CLARITY,1249,48-16,C3,BS,AUS,1,135,30,49,,$120.00,10.75,10,PO,/  /,
9919,78717,OPT,AVI000143,NANO,MARS,47-15,2280147,KIDS,AVIVAMANN,1,135,37,48,0,$179.00,,GST 10%,PRACTICE OWNED,28/10/2025,0
9994,78718,OPT,AVI000073,Nano,GLITCH 3.0,50-17,3150350,GS,AVI,1,133,42,49,,$169.00,60,10,PO,/  /,
9818,78719,OPT,AUS000694,I-SPY,143,47-16,C7,BS,AUS,1,140,38,48,,$169.00,29,10,PO,/  /,
9892,78720,OPT,AVI000059,Nano,Gaikai SC,47-16,630947SC,GS,AVI,1,127,34,49,,$179.00,50,10,PO,/  /,
10366,78721,OPT,AVI000111,Nano,ARCADE SLEEK,50-15,3111150,BS,AVI,1,133,33,52,,$179.00,45.5,10,PO,/  /,
10681,78722,OPT,AVI000127,Nano,QUEST 3.0,48-14,3160248,BS,AVI,1,132,37,48,,$169.00,58.65,10,PO,/  /,
10300,78723,OPT,AVI000099,Nano,CAMPER,48-14,3040148,GS,AVI,1,135,32,47,,$179.00,65,10,PO,/  /,
10301,78724,OPT,AVI000100,Nano,FLICKER,46-14,3180346,GS,AVI,1,132,38,46,,$179.00,65,10,PO,/  /,
10298,78725,OPT,AVI000097,Nano,Crew,48-15,3020648,BS,AVI,1,133,31,49,,$179.00,60,10,PO,/  /,
10304,78726,OPT,AVI000103,Nano,CREW,46-14,3021146,BS,AVI,1,133,30,48,,$179.00,65,10,PO,/  /,
10223,78727,OPT,MOD000379,AVANTI,BELLE,49-15,C1,GM,MOD,1,130,33,48,,$210.00,58.5,10,PO,/  /,
8226,78728,OPT,AUS000384,CLARITY,1294,48-14,C1,BS,AUS,1,124,36,47,,$120.00,8.95,10,PO,/  /,
7153,78729,OPT,AUS000155,CLARITY,1190,52-15,C3,LS,AUS,1,135,34,51,,$120.00,9.5,10,PO,/  /,
10371,78730,OPT,AVI000116,Nano,REPLAY 3.0,44-13,3001144,GS,AVI,1,116,,,,$179.00,45.5,10,PO,/  /,
11621,78731,OPT,AVI000144,NANO,SATURN,46-16,2230246,KIDS,AVIVAMANN,1,135,40,48,0,$179.00,,GST 10%,PRACTICE OWNED,28/10/2025,0
9992,78732,OPT,AVI000071,Nano,ARCADE 3.0,50-15,3010350,BS,AVI,1,133,33,51,,$169.00,60,10,PO,/  /,
9580,78733,OPT,AVI000048,NANO,BIRDIE,36-14,Violet,GS,AVI,1,105,29,36,,$169.00,60,10,PO,/  /,
9988,78734,OPT,AUS000731,I-SPY,142,48-16,C1,BS,AUS,1,125,35,48,,$169.00,29,10,PO,/  /,
9815,78735,OPT,AUS000691,I-SPY,142,48-16,C3,GS,AUS,1,125,35,48,,$169.00,29,10,PO,/  /,
10302,78736,OPT,AVI000101,Nano,FLICKER,48-15,3180648,GS,AVI,1,132,38,48,,$179.00,65,10,PO,/  /,
10441,78737,OPT,RIM000259,SENSES,OLLIE,48-17,C2,LS,RIM,1,135,40,48,,$169.00,35,10,PO,/  /,
9201,78738,OPT,AUS000637,I-SPY,072,47-15,C1,BS,AUS,1,135,31,48,,$169.00,28,10,PO,/  /,
10148,78739,OPT,AVI000088,Nano,CAMPER 3.0,46-14,3041746,BS,AVI,1,135,31,46,,$179.00,65,10,PO,/  /,
9991,78740,OPT,AVI000070,NANO,CREW 3.0,48-15,3020148,GS,AVI,1,133,31,49,,$169.00,60,10,PO,/  /,
10155,78741,OPT,AVI000095,Nano,FANGAME,50-15,3030350,BS,AVI,1,133,32,52,,$179.00,65,10,PO,/  /,
10486,78742,OPT,AVI000121,Nano,CAMPER,46-14,3041746,GS,AVI,1,135,30,443,,$179.00,65,10,PO,/  /,
9204,78743,OPT,AUS000640,I-SPY,079,47-17,C3,BS,AUS,1,128,33,50,,$169.00,28,10,PO,/  /,
9880,78744,OPT,MOD000372,AVANTI,ZOE,51-15,C5,GM,MOD,2,135,C5,,,$210.00,47.6,10,PO,/  /,
9197,78745,OPT,MOD000300,Kaledscope,ELSA,48-16,C2,GM,MOD,1,140,33,48,,$195.00,58.5,10,PO,/  /,
9986,78746,OPT,AUS000732,I-SPY,129,48-19,C6,BS,AUS,1,139,32,54,,$169.00,29,10,PO,/  /,
9463,78747,OPT,MOD000320,AVANTI,BLYTON,49-17,C5,LS,MOD,1,135,32,49,,$195.00,47.6,10,PO,/  /,
10265,78748,OPT,AUS000744,CLARITY,1321,50-16,C2,LS,AUS,1,130,,,,$120.00,10.75,10,PO,/  /,
7624,78749,OPT,BON000069,MARS,612,47-16,C3,GS,BON,1,130,30,47,,$149.00,20,10,PO,/  /,
5863,78750,OPT,OPQ001386,STEPPER,SK 73000,46-16,F450,KIDS,OPQ,1,130,38,46,0,$275.00,,GST 10%,PRACTICE OWNED,23/10/2025,0
8851,78751,OPT,OPQ001390,STEPPER,SK 76000,44-18,F560,KIDS,OPQ,1,125,36,42,0,$275.00,,GST 10%,PRACTICE OWNED,23/10/2025,0
7760,78752,OPT,OPQ001388,STEPPER,SK 76000,44-18,F840,KIDS,OPQ,1,125,37,42,0,$275.00,,GST 10%,PRACTICE OWNED,23/10/2025,0
11790,78753,OPT,OPQ001387,STEPPER,SK 77000,46-16,F430,KIDS,OPQ,1,125,36,46,0,$275.00,,GST 10%,PRACTICE OWNED,23/10/2025,0
2151,78754,OPT,OPQ001389,STEPPER,SK 77001,46-17,F920,KIDS,OPQ,1,125,38,45,0,$275.00,,GST 10%,PRACTICE OWNED,23/10/2025,0
10219,78755,OPT,MOD000375,AVANTI,ZOE,51-14,C1,GM,MOD,1,135,34,52,,$210.00,58.5,10,PO,/  /,
7693,78756,OPT,OPQ000893,Paparazzi,DIESEL,65-19,B,MN,OPQ,1,155,40,68,,$230.00,76.5,10,PO,/  /,
9938,78757,OPT,FRA000024,HUDSON,66,54-17,C1,MM,FRA,1,140,40,56,,$149.00,11.95,10,PO,/  /,
9950,78758,OPT,FRA000036,HUDSON,66,54-17,C3,MM,FRA,1,140,40,56,,$149.00,11.95,10,PO,/  /,
9682,78759,OPT,MOD000335,AVANTI,SHAREEN,50-16,C5,MM,MOD,1,135,34,50,,$195.00,47.6,10,PO,/  /,
9417,78760,OPT,ORO000264,JONO HENNESSY,8497 Hayley,51-19,3 Pepper Fabric,LM,ORO,1,,37,51,2,$250.00,10,10,PO,/  /,
9966,78761,OPT,FRA000052,HENRY WILLIS,BOBBY,57-19,C1,US,FRA,1,150,48,63,,$189.00,20.95,10,PO,/  /,
9736,78762,OPT,ORO000312,JONO HENNESSY,Luxury 8417,48-20,C04,LS,ORO,1,,39,48,,$250.00,10,10,PO,/  /,
9720,78763,OPT,ORO000307,JONO HENNESSY,8440,54-15,C5,LS,ORO,1,,33,54,,$250.00,10,10,PO,/  /,
9267,78764,OPT,ORO000250,Oroton,ELANORA,53-17,1502992,LS,ORO,1,135,30,52,,$300.00,30,10,PO,/  /,
8930,78765,OPT,RIM000139,SENSES,MATHA 11,52-16,C2,LM,RIM,1,135,33,52,,$169.00,35,10,CO,/  /,
9787,78766,OPT,ORO000347,Le Specs,Dalt Vila,52-19,2226702,MS,ORO,2,145,37,52,,$219.00,72.98,10,PO,/  /,
9757,78767,OPT,ORO000334,CARTER BOND,9192,52-16,395,LS,ORO,1,,33,52,,$189.00,8,10,PO,/  /,
9453,78768,OPT,BON000288,AOA,8227,53-18,C3,MS,BON,1,145,38,57,,$169.00,20,10,PO,/  /,
10225,78769,OPT,MOD000381,AVANTI,COURTNEY,52-16,C8,LS,MOD,1,145,40,53,,$210.00,51.96,10,PO,/  /,
4029,78770,OPT,BON000295,MARS,135,48-19,C2,UNISEX,BONASTAR,1,140,44,48,0,$189.00,,GST 10%,PRACTICE OWNED,21/10/2025,
8689,78771,OPT,AUS000515,CLARITY,1155,53-19,C2,LS,AUS,1,135,40,55,,$120.00,8.95,10,PO,/  /,
8689,78772,OPT,CLARITY 4912 C4,CLARITY,4912,57-16,C4,,,,,,57,,$120.00,,,,,
9872,78773,OPT,MOD000364,AVANTI,LOCK,46-22,C03,US,MOD,1,145,42,46,,$210.00,51.96,10,PO,/  /,
9765,78774,OPT,ORO000342,CARTER BOND,Vomtage 9214,49-22,303,MM,ORO,1,,40,50,,$189.00,8,10,PO,/  /,
9763,78775,OPT,ORO000340,CARTER BOND,9287,48-21,3,MS,ORO,1,,42,48,,$189.00,8,10,PO,/  /,
9758,78776,OPT,ORO000335,CARTER BOND,9182,50-19,755,MS,ORO,1,,40,52,,$189.00,8,10,PO,/  /,
9775,78777,OPT,ORO000329,CARTER BOND,9182,50-19,342,MS,ORO,1,,41,52,,$189.00,8,10,PO,/  /,
9500,78778,OPT,ORO000276,CARTER BOND,9252,54-19,BRN,MS,ORO,1,140,37,55,,$189.00,8,10,PO,/  /,
9768,78779,OPT,ORO000345,CARTER BOND,Toucan 9242,47-22,2,MS,ORO,1,,40,48,,$189.00,8,10,PO,/  /,
9774,78780,OPT,ORO000328,CARTER BOND,Mill 9300,49-20,3,MS,ORO,1,,34,49,,$189.00,8,10,PO,/  /,
9362,78781,OPT,AVI000150,NANO,FANBOY 3.0,52-15,3170152,KIDS,AVIVAMANN,1,148,37,54,,$179.00,65,GST 10%,PRACTICE OWNED,28/10/2025,0
5974,78782,OPT,AVI000140,BFLEX,B-BOLD,58-18,070258,KIDS,AVIVAMANN,1,146,39,55,0,$260.00,84,GST 10%,PRACTICE OWNED,23/10/2025,0
12343,78783,OPT,AVI000139,BFLEX,B-ORIGINAL,55-19,040255,KIDS,AVIVAMANN,1,148,39,55,0,$260.00,84,GST 10%,PRACTICE OWNED,23/10/2025,0
9772,78784,OPT,ORO000326,CARTER BOND,Napoli 9305,56-16,3,MM,ORO,1,,42,56,,$189.00,8,10,PO,/  /,
4577,78785,OPT,MOD000038,Eclipse,Paddy-56.80,50-20,C2,MHM,MOD,1,145,28,50,,$170.00,67.46,10,PO,/  /,
9396,78786,OPT,RIM000180,SENSES,WINNIE II,51-17,C3,LM,RIM,1,133,37,51,,$169.00,35,10,CO,/  /,
9437,78787,OPT,BON000272,MARS,135,48-19,C4,US,BON,1,135,45,50,,$189.00,25,10,PO,/  /,
9433,78788,OPT,BON000268,MARS,176,53-19,C1,US,BON,1,140,44,58,,$189.00,25,10,PO,/  /,
9735,78789,OPT,ORO000318,JONO HENNESSY,Flipside 8482,53-16,C3,LS,ORO,1,,38,53,,$250.00,10,10,PO,/  /,
6530,78790,OPT,AUS000030,OK,4327,49-20,Cry,US,AUS,1,140,44,49,,$149.00,5.21,10,PO,/  /,
9244,78791,OPT,MOD000311,AVANTI,ASATO,56-18,C2,MM,MOD,1,150,38,59,,$195.00,41.66,10,PO,/  /,
8966,78792,OPT,BON000217,AOA,8162,55-17,C2,MM,BON,1,140,38,58,,$169.00,20,10,PO,/  /,
10702,78793,OPT,AUS000848,CLARITY,4801,55-17,C2,MM,AUS,1,145,41,61,,$149.00,10.5,10,PO,/  /,
14523,78794,OPT,AVI000136,NANO,XTREME,54-16,3290254,KIDS,AVIVAMANN,1,140,40,54,0,$260.00,84,GST 10%,PRACTICE OWNED,23/10/2025,0
11047,78795,OPT,AVI000148,BFLEX,B-CREATIVE,52-18,100152,UNISEX,AVI,1,140,42,52,,$260.00,0,GST 10%,PRACTICE OWNED,28/10/2025,0
50,78796,OPT,AVI000147,BFLEX,B-UNIQUE,54-15,110554,UNISEX,AVIVAMANN,1,140,38,54,,$260.00,0,GST 10%,PRACTICE OWNED,28/10/2025,0
8260,78797,OPT,AVI000137,NANO,XTREME,54-16,3290454,KIDS,AVIVAMANN,1,140,40,54,0,$260.00,84,GST 10%,PRACTICE OWNED,23/10/2025,0
10093,78798,OPT,OPQ001242,Paparazzi,COLIN,58-16,D,MM,OPQ,1,140,35,61,,$200.00,53.56,10,PO,/  /,
10676,78799,OPT,RIM000281,EVATIK,9284,57-18,S313,MS,RIM,1,145,36,58,,$280.00,105.45,10,PO,/  /,
9554,78800,OPT,OPQ001196,Paparazzi,Liam,54-16,D,MM,OPQ,1,140,32,56,,$200.00,53.55,10,PO,/  /,
4487,78801,OPT,OPQ000323,Paparazzi,LIAM,54-16,A,MM,OPQ,1,140,32,55,,$200.00,59.5,10,PO,/  /,
7092,78802,OPT,OPQ000800,Paparazzi,CHARLIE,50-17,A,MM,OPQ,1,140,36,54,,$200.00,49.5,10,PO,/  /,
10637,78803,OPT,OPQ001355,Paparazzi,ANDY,60-19,B,MM,OPQ,1,150,43,66,,$310.00,80.57,10,PO,/  /,
8698,78804,OPT,VIBE 256 C3,VIBE,256,52-17,C3,,,,,,17,,$189.00,,,,,
10701,78805,OPT,AUS000857,VIBE,VB249,53-18,C1,LS,AUS,1,140,44,52,,$189.00,26.5,10,PO,/  /,
8694,78806,OPT,VB ALOHA 350 C2,VIBE,350,52-18,C2,,,,,,52,,$189.00,,,,,
8692,78807,OPT,VB ALOHA 167 C5,VIBE,167,49 -18,C5,,,,,,49,,$189.00,,,,,
8695,78808,OPT,VIBE 231 C1,VIBE,231,51-20,C1,,,,,,51,,$220.00,,,,,
8697,78809,OPT,VIBE 234 C2,VIBE,234,55-17,C2,,,,,,55,,$220.00,,,,,
8696,78810,OPT,VIBE 234 C1,VIBE,234,55-17,C1,,,,,,55,,$220.00,,,,,
10710,78811,OPT,AUS000856,VIBE,VB249,53-18,C2,LS,AUS,1,140,43,52,,$189.00,26.5,10,PO,/  /,
8699,78812,OPT,AUS000525,CLARITY,1155,53-19,C3,LS,AUS,1,140,40,55,,$120.00,8.95,10,PO,/  /,
8699,78813,OPT,VIBE 257 C2,VIBE,257,53-16,C2,,,,,,16,,$189.00,,,,,
10707,78814,OPT,AUS000853,ALOHA,VB246,53-18,C2,LS,AUS,1,145,47,52,,$189.00,32.5,10,PO,/  /,
10016,78815,OPT,FRA000082,MATTISSE,905,52-19,ST.CROIX,LS,FRA,1,140,42,55,,$250.00,25,10,PO,/  /,
10014,78816,OPT,FRA000080,MATTISSE,146,51-17,PALERMO,LS,FRA,1,140,35,52,,$250.00,25,10,PO,/  /,
10024,78817,OPT,FRA000090,MATTISSE,700,53-17,RAINBOW,LS,FRA,1,140,40,55,,$250.00,25,10,PO,/  /,
10030,78818,OPT,FRA000096,MATTISSE,95,41-23,JOSIE,LS,FRA,1,140,45,48,,$250.00,25,10,PO,/  /,
10023,78819,OPT,FRA000089,MATTISSE,79,52-18,SAMANTHA,LS,FRA,1,140,36,53,,$250.00,25,10,PO,/  /,
10031,78820,OPT,FRA000097,MATTISSE,3228,50-17,RAINBOW,LS,FRA,1,137,33,50,,$250.00,25,10,PO,/  /,
10003,78821,OPT,FRA000069,MATTISSE,7050,50-16,PERU BRN,LS,FRA,1,137,36,52,,$250.00,25,10,PO,/  /,
10019,78822,OPT,FRA000085,MATTISSE,333,52-16,73,LS,FRA,1,140,37,52,,$250.00,25,10,PO,/  /,
10012,78823,OPT,FRA000078,MATTISSE,333,52-16,ROBIN,LS,FRA,1,140,37,52,,$250.00,25,10,PO,/  /,
10478,78824,OPT,C&C000067,HYLANDER,PADEN,47-20,CRY/BRN,US,C&C,1,142,42,48,,$199.00,49,10,PO,/  /,
10174,78825,OPT,C&C000043,HYLANDER,CRAIG,49-18,CRY,MS,C&C,1,145,33,50,,$179.00,39,10,PO,/  /,
10479,78826,OPT,C&C000068,HYLANDER,TAVIN,49-18,MATT,US,C&C,1,140,42,49,,$199.00,49,10,PO,/  /,
3025,78827,OPT,APO000442,ARTLIFE,MINGUS AL 68741,54-17,562,WOMEN,APOLLO,1,145,41,54,0,$250.00,,GST 10%,PRACTICE OWNED,23/10/2025,0
10229,78828,OPT,MOD000385,Avanti,FISHER,51-16,C8,LM,MOD,1,140,36,50,,$210.00,51.96,10,PO,/  /,
10251,78829,OPT,APO000405,ARTLIFE,WINKLER 68612,49-20,513,US,APO,1,145,43,48,,$250.00,60,10,PO,/  /,
8693,78830,OPT,AUS000519,CLARITY,1264,54-14,C2,MS,AUS,1,140,37,57,,$120.00,9.75,10,PO,/  /,
8693,78831,OPT,VB ALOHA 233 C4,VIBE,233,50-18,C4,,,,,,50,,$189.00,,,,,
10212,78832,OPT,RIM000242,EVATIK,9182,49-20,S200,MS,RIM,1,145,40,52,,$280.00,97.3,10,PO,/  /,
10709,78833,OPT,AUS000855,ALOHA,VB247,52-19,5219145,LS,AUS,1,145,44,52,,$189.00,32.5,10,PO,/  /,
10708,78834,OPT,AUS000854,ALOHA,VB246,53-18,C1,LS,AUS,1,145,47,52,,$189.00,32.5,10,PO,/  /,
1410,78835,OPT,ORO000496,LE SPECS,NOONTIDE,50-20,2551596,UNISEX,SUNSHADES,1,145,42,50,,$219.00,0,GST 10%,PRACTICE OWNED,28/10/2025,0
6088,78836,OPT,ORO000493,LE SPECS,BIO-TYPIC,52-18,2551595,WOMEN,SUNSHADES,1,140,41,52,0,$219.00,,GST 10%,PRACTICE OWNED,21/10/2025,
961,78837,OPT,ORO000492,LE SPECS,NOONTIDE,50-20,2551589,UNISEX,SUNSHADES,1,145,41,50,0,$219.00,,GST 10%,PRACTICE OWNED,21/10/2025,
10192,78838,OPT,ORO000400,Le Specs,AUDACIOUS,52-16,2351502,LS,ORO,1,140,40,52,,$219.00,72.99,10,PO,/  /,
10413,78839,OPT,ORO000418,LE SPECS,BIO-NICS,48-21,2226711,US,ORO,1,145,44,48,,$219.00,72.98,10,PO,/  /,
10572,78840,OPT,ORO000450,Le Specs,LA PLAY 48,48-21,2226689,LS,ORO,1,145,42,49,,$219.00,72.99,10,PO,/  /,
10567,78841,OPT,ORO000445,LE SPECS,TEMPUS,54-20,2451552,UM,ORO,1,145,46,56,,$219.00,72.98,10,PO,/  /,
10190,78842,OPT,ORO000398,Le Specs,Adoration,53-14,2351510,LS,ORO,2,140,40,54,,$219.00,72.99,10,PO,/  /,
10492,78843,OPT,OPQ001323,Aiko,2201,52-19,C,US,OPQ,1,138,36,49,,$190.00,87.75,10,PO,/  /,
10495,78844,OPT,OPQ001326,Aiko,2219,51-19,B,US,OPQ,1,135,45,50,,$290.00,87.75,10,PO,/  /,
10487,78845,OPT,OPQ001318,Aiko,2212,45-22,B,UM,OPQ,1,145,41,47,,$290.00,87.75,10,PO,/  /,
10494,78846,OPT,OPQ001325,Aiko,2202,45-21,B,US,OPQ,1,138,40,44,,$290.00,87.75,10,PO,/  /,
10489,78847,OPT,OPQ001320,Aiko,2204,45-23,C,MM,OPQ,1,145,38,44,,$290.00,87.75,10,PO,/  /,
10496,78848,OPT,OPQ001327,Aiko,2205,54-17,A,US,OPQ,1,140,46,57,,$290.00,87.75,10,PO,/  /,
10497,78849,OPT,OPQ001328,Aiko,2212,46-23,A,US,OPQ,1,145,42,46,,$290.00,87.75,10,PO,/  /,
10493,78850,OPT,OPQ001324,Aiko,2207,56-16,A,MM,OPQ,1,145,36,57,,$290.00,87.75,10,PO,/  /,
10488,78851,OPT,OPQ001319,Aiko,2206,53-18,C,MM,OPQ,1,140,38,55,,$290.00,87.75,10,PO,/  /,
10498,78852,OPT,OPQ001329,Aiko,229,56-15,C,MM,OPQ,1,140,40,57,,$290.00,87.75,10,PO,/  /,
6696,78853,OPT,APO000446,ARTLIFE,RAY 68424,54-15,515,WOMEN,APOLLO,1,145,39,54,0,$250.00,15,GST 10%,PRACTICE OWNED,29/10/2025,0
976,78854,OPT,APO000450,ARTLIFE,VARDA 68437,53-16,512,WOMEN,APOLLO,1,145,40,53,0,$250.00,15,GST 10%,PRACTICE OWNED,29/10/2025,0
2515,78855,OPT,APO000447,ARTLIFE,DUNCAN 68332,54-15,552,WOMEN,APOLLO,1,145,38,54,0,$250.00,15,GST 10%,PRACTICE OWNED,29/10/2025,0
7713,78856,OPT,APO000448,ARTLIFE,VOLTAIRE,53-16,553,WOMEN,APOLLO,1,145,40,53,0,$250.00,15,GST 10%,PRACTICE OWNED,29/10/2025,0
1331,78857,OPT,APO000449,ARTLIFE,KELLEN 68535,51-17,555,WOMEN,APOLLO,1,145,40,51,0,$250.00,15,GST 10%,PRACTICE OWNED,29/10/2025,0
10262,78858,OPT,APO000416,ARTLIFE,CELA 68271,49-20,545,LS,APO,1,145,42,50,,$250.00,60,10,PO,/  /,
12096,78859,OPT,APO000444,ARTLIFE,YEARWOOD 68241,51-15,554,WOMEN,APOLLO,1,140,40,51,0,$250.00,15,GST 10%,PRACTICE OWNED,29/10/2025,0
7617,78860,OPT,APO000445,ARTLIFE,STORNI 68563,49-17,555,WOMEN,APOLLO,1,130,36,49,0,$250.00,15,GST 10%,PRACTICE OWNED,29/10/2025,0
10651,78861,OPT,OPQ001369,Stepper,SI-99364,53-16,FO52,LR,OPQ,1,135,38,55,,$310.00,116.55,10,PO,/  /,
10343,78862,OPT,OPQ001287,Stepper,SA71060,54-19,FO35,US,OPQ,1,145,38,54,,$310.00,116.55,10,PO,/  /,
10665,78863,OPT,OPQ001383,STEPPER,SI-87405,55-17,FO59,MR,OPQ,1,140,38,60,,$310.00,116.55,10,PO,/  /,
8775,78864,OPT,OPQ001084,Stepper,STS-40160,52-17,FO22,MM,OPQ,1,135,42,53,,$270.00,85.5,10,PO,/  /,
10661,78865,OPT,OPQ001379,Stepper,SI-50305,53-15,FO30,LM,OPQ,1,135,38,54,,$310.00,116.55,10,PO,/  /,
10484,78866,OPT,OPQ001317,Stepper,SI 60254,45-22,FO20,US,OPQ,1,140,33,48,,$310.00,116.55,10,PO,/  /,
7114,78867,OPT,OPQ000809,Stepper,SI-20027,56-15,F220,MS,OPQ,1,140,35,57,,$290.00,109.5,10,PO,/  /,
10500,78868,OPT,OPQ001331,Stepper,SA 74060,52-19,Fo61,LM,OPQ,1,140,43,53,,$310.00,113.96,10,PO,/  /,
6336,78869,OPT,OPQ000692,Stepper,SI-30033,54-14,F320,LS,OPQ,1,135,33,54,,$290.00,89.97,10,PO,/  /,
10457,78870,OPT,OPQ001314,Stepper,SA 74062,51-21,F880,US,OPQ,1,145,41,51,,$310.00,98.96,10,PO,/  /,
10652,78871,OPT,OPQ001370,Stepper,SI-99864,53-17,FO19,LR,OPQ,1,135,39,55,,$310.00,116.55,10,PO,/  /,
5392,78872,OPT,OPQ000464,Stepper,SI-4136,57-18,F011,MM,OPQ,1,140,37,59,,$310.00,116.55,10,PO,/  /,
10357,78873,OPT,OPQ001302,Stepper,SA 74061,50-17,F080,LM,OPQ,1,140,35,51,,$310.00,116.55,10,PO,/  /,
6720,78874,OPT,OPQ000752,Stepper,SI-50062,51-16,F010,LN,OPQ,1,130,33,53,,$310.00,116.55,10,PO,/  /,
10453,78875,OPT,OPQ001310,Stepper,SA 73060,51-19,F930,US,OPQ,1,140,42,51,,$310.00,98.55,10,PO,/  /,
9006,78876,OPT,OPQ001105,Stepper,STS-30024,55-14,F550,MS,OPQ,1,140,36,58,,$290.00,99.95,10,PO,/  /,
10644,78877,OPT,OPQ001362,Stepper,SI 30252,53-14,F110,LS,OPQ,1,135,38,54,,$290.00,98.55,10,PO,/  /,
10654,78878,OPT,OPQ001372,Stepper,SI-30254,53-12,F840,LS,OPQ,1,135,34,53,,$290.00,98.55,10,PO,/  /,
10502,78879,OPT,OPQ001333,Stepper,SI 30238,54-14,F660,LS,OPQ,1,135,34,55,,$290.00,98.55,10,PO,/  /,
10119,78880,OPT,OPQ001266,Stepper,SI-50234,52-16,Fo88,LN,OPQ,1,130,38,54,,$290.00,107.96,10,PO,/  /,
10350,78881,OPT,OPQ001294,Stepper,SI-30171,54-14,F330,LS,OPQ,1,135,41,54,,$290.00,89.55,10,PO,/  /,
10346,78882,OPT,OPQ001290,Stepper,SA 74062,52-12,F930,US,OPQ,1,145,44,52,,$310.00,107.55,10,PO,/  /,
10660,78883,OPT,OPQ001378,STEPPER,SI-60291,57-16,FO52,MM,OPQ,1,145,44,63,,$310.00,116.55,10,PO,/  /,
9748,78884,OPT,OPQ001385,STEPPER,SA-74062,51-21,F510,UNISEX,OPTIQUE LINE,1,140,43,51,0,$310.00,,GST 10%,PRACTICE OWNED,21/10/2025,
9712,78885,OPT,OPQ001209,STEPPER,SI-30072,54-15,F226,LS,OPQ,1,135,35,53,,$290.00,89.55,10,PO,/  /,
10344,78886,OPT,OPQ001288,Stepper,SA 74065,52-18,FO90,US,OPQ,1,140,52,58,,$310.00,107.55,10,PO,/  /,
10103,78887,OPT,OPQ001252,Stepper,SI-30207,52-13,F550,LS,OPQ,1,130,38,52,,$280.00,89.55,10,PO,/  /,
9101,78888,OPT,OPQ001126,Stepper,SI-4109,52-20,FO22,MM,OPQ,1,145,25,53,,$290.00,115,10,PO,/  /,
11792,78889,OPT,RIM000295,EVATIK,9296,58-17,M100,MEN,RIMOPTICS,1,150,36,58,0,$280.00,139,GST 10%,CONSIGNMENT OWNED,22/10/2025,0
13740,78890,OPT,RIM000294,EVATIK,9296,58-17,M101,MEN,RIMOPTICS,1,150,36,58,0,$280.00,139,GST 10%,CONSIGNMENT OWNED,22/10/2025,0
13326,78891,OPT,RIM000292,EVATIK,9293,57-18,S401,MEN,RIMOPTICS,1,150,40,57,0,$280.00,0,GST 10%,CONSIGNMENT OWNED,22/10/2025,0
10655,78892,OPT,OPQ001373,Stepper,SI-20135,54-15,F520,MS,OPQ,1,140,41,56,,$290.00,98.56,10,PO,/  /,
8606,78893,OPT,APO000340,CLUB,CLT 0012,55-21,C1,MR,APO,1,145,41,60,,$230.00,59,10,PO,/  /,
10331,78894,OPT,OPQ001275,Aura,922,54-17,C2,MM,OPQ,1,135,42,56,,$240.00,85.5,10,PO,/  /,
10341,78895,OPT,OPQ001285,Stepper,SA73061,51-19,F530,US,OPQ,1,140,46,51,,$290.00,89.55,10,PO,/  /,
10206,78896,OPT,OPT000001,AURA,635,46-21,C,MM,OPT,1,140,44,48,,$220.00,67.5,10,PO,/  /,
10356,78897,OPT,OPQ001300,AURA,915,55-17,C3,MM,OPQ,1,140,38,58,,$240.00,85.5,10,PO,/  /,
10333,78898,OPT,OPQ001277,Aura,921,54-17,C1,MM,OPQ,1,135,37,55,,$240.00,85.5,10,PO,/  /,
10638,78899,OPT,OPQ001356,AURA,638,58-17,B,MM,OPQ,1,145,42,63,,$220.00,67.5,10,PO,/  /,
10635,78900,OPT,OPQ001353,AURA,633,55-18,B,MN,OPQ,1,140,37,55,,$220.00,67.5,10,PO,/  /,
10996,78901,OPT,OPQ001391,AURA,931,55-19,C1,UNISEX,OPTIQUE LINE,1,140,40,55,0,$179.00,,GST 10%,PRACTICE OWNED,28/10/2025,0
10658,78902,OPT,OPQ001376,STEPPER,SI-60280,54-17,FO90,MM,OPQ,1,140,41,57,,$310.00,116.55,10,PO,/  /,
9377,78903,OPT,OPQ001168,Stepper,STS-30053,53-13,F590,MS,OPQ,1,140,35,56,,$290.00,85,10,PO,/  /,
5197,78904,OPT,OPQ001392,CONVERTIBLES,94038,56-17,NAVY BLUE,MEN,OPQ,1,142,39,56,0,$330.00,,GST 10%,PRACTICE OWNED,28/10/2025,0
9278,78905,OPT,OPQ001141,CONVERTIBLES,94009,55-16,C,LM,OPQ,1,145,34,57,,$330.00,122.36,10,PO,/  /,
10516,78906,OPT,OPQ001347,CONVERTIBLES,92026,53-17,A,LM,OPQ,1,135,41,55,,$330.00,125.96,10,PO,/  /,
10514,78907,OPT,OPQ001345,CONVERTIBLES,94033,58-18,A,MS,OPQ,1,145,40,60,,$330.00,122.36,10,PO,/  /,
10513,78908,OPT,OPQ001344,CONVERTIBLES,92019,53-16,B,LS,OPQ,1,138,35,55,,$330.00,122.36,10,PO,/  /,
10515,78909,OPT,OPQ001346,CONVERTIBLES,94028,57-18,B,MEN,OPQ,1,145,39,59,,$290.00,125.96,GST 10%,PRACTICE OWNED,28/10/2025,
6123,78910,OPT,GLB000002,MANGO,MJK024,52-18,C3,KIDS,GLOBAL,1,130,29,54,,$19.95,65,GST 10%,PRACTICE OWNED,28/10/2025,0
3494,78911,OPT,GLB000003,MANGO,MJK042,52-18,C1,KIDS,GLOBAL,1,130,31,54,,$19.95,65,GST 10%,PRACTICE OWNED,28/10/2025,0
11367,78912,OPT,GLB000004,MANGO,MJK014,46-18,C1,KIDS,GLOBAL,1,130,34,51,,$19.95,65,GST 10%,PRACTICE OWNED,28/10/2025,0
12491,78913,OPT,GLB000001,MANGO,MJK51,48-19,C1,KIDS,GLOBAL,1,130,37,53,,$19.95,65,GST 10%,PRACTICE OWNED,28/10/2025,0
10697,78914,OPT,ORO000489,OROTON,CHEYANNA,53-16,1830837,LM,ORO,1,135,38,53,,$330.00,117,10,PO,/  /,
10431,78915,OPT,ORO000436,OROTON,LOTTIE,49-17,2356137,LS,ORO,1,140,42,50,,$340.00,117,10,PO,/  /,
10423,78916,OPT,ORO000428,OROTON,ADLEY,57-17,2356435,LS,ORO,1,140,48,49,,$249.00,101.87,10,PO,/  /,
10428,78917,OPT,ORO000433,OROTON,MARLOWE,58-13,2356432,LS,ORO,1,140,47,58,,$269.00,110.03,10,PO,/  /,
10419,78918,OPT,ORO000424,OROTON,HELENA,54-20,2356502,LM,ORO,1,140,50,55,,$249.00,101.86,10,PO,/  /,
10434,78919,OPT,ORO000438,OROTON,CECILIA,54-16,2230834,LS,ORO,1,140,38,54,,$340.00,117,10,PO,/  /,
10435,78920,OPT,ORO000439,OROTON,MELAQUE V3,54-15,2456109,LS,ORO,1,140,36,56,,$340.00,117,10,PO,/  /,
10436,78921,OPT,ORO000440,OROTON,IDIANA,54-16,2456107,LM,ORO,1,140,38,54,,$340.00,117,10,PO,/  /,
10437,78922,OPT,ORO000441,OROTON,SUTHERLAND,52-17,1830838,LN,ORO,1,140,33,53,,$340.00,117,10,PO,/  /,
10694,78923,OPT,ORO000486,OROTON,ALPINE,54-15,2456123,LM,ORO,1,140,30,54,,$330.00,117,10,PO,/  /,
10079,78924,OPT,APO000400,Kaos,563,53-18,C1,LS,APO,1,140,43,55,,$350.00,175,10,PO,/  /,
9647,78925,OPT,APO000390,KAOS,532,52-17,C2,LS,APO,1,140,41,51,,$380.00,165,10,PO,/  /,
427,78926,OPT,APO000438,ARTLIFE,FROMM 68652,52-16,560,WOMEN,APO,1,140,40,52,,$250.00,,GST 10%,PRACTICE OWNED,21/10/2025,
6823,78927,OPT,APO000440,ARTLIFE,DU MAURIER 68561,50-15,560,WOMEN,APO,1,130,36,50,,$250.00,,GST 10%,PRACTICE OWNED,21/10/2025,
7398,78928,OPT,APO000436,ARTLIFE,WEYN 68436,53-16,523,WOMEN,APO,1,145,39,50,,$250.00,,GST 10%,PRACTICE OWNED,21/10/2025,
7641,78929,OPT,APO000437,ARTLIFE,KARAN 68709,54-16,565,WOMEN,APO,1,140,41,54,,$250.00,,GST 10%,PRACTICE OWNED,21/10/2025,
6575,78930,OPT,APO000441,ARTLIFE,PLATH 68590,50-15,512,WOMEN,APO,1,135,36,50,,$250.00,,GST 10%,PRACTICE OWNED,21/10/2025,
10404,78931,OPT,APO000429,KAOS,573,52-19,C2,LS,APO,1,140,42,52,,$380.00,175,10,PO,/  /,
10255,78932,OPT,APO000409,ARTLIFE,DUNHAM  68634,52-16,550,LS,APO,1,145,38,52,,$250.00,60,10,PO,/  /,
10696,78933,OPT,ORO000488,OROTON,INIKA B,54-17,2456116,LS,ORO,1,140,40,53,,$330.00,117,10,PO,/  /,
10695,78934,OPT,ORO000487,OROTON,MELAQUE,54-15,2456121,LS,ORO,1,140,36,54,,$330.00,117,10,PO,/  /,
7939,78935,OPT,ORO000127,OROTON,CHANTAL,51-16,1402964,LM,ORO,1,135,32,53,,$320.00,117,10,PO,/  /,
7059,78936,OPT,ORO000495,OROTON,BROOKE,54-16,2456105,WOMEN,SUNSHADES,1,140,41,54,0,$330.00,0,GST 10%,PRACTICE OWNED,22/10/2025,0
4023,78937,OPT,APO000430,KAOS,470,49-19,C2,UNISEX,APOLLO,1,140,44,49,0,$330.00,,GST 10%,PRACTICE OWNED,21/10/2025,
9981,78938,OPT,FRA000065,HENRY WILLIS,ARIANA,54-19,C1,LS,FRA,1,145,41,54,,$125.00,20.95,10,PO,/  /,
10595,78939,OPT,ORO000474,Le Specs,SOMETHING,53-20,2202559,LS,ORO,1,145,37,53,,$79.00,21.56,10,PO,/  /,
10669,78940,OPT,ORO000479,Le Specs,BIZARRO,56-22,2352228,MM,ORO,1,140,33,57,,$80.00,0,10,PO,/  /,
9062,78941,OPT,ORO000198,OROTON,GLOUCESTER,54-17,1903274,LS,ORO,1,140,44,55,,$225.00,92.04,10,PO,/  /,
10668,78942,OPT,ORO000478,Le Specs,POSEIDON,53-22,2452416,LS,ORO,1,140,40,53,,$80.00,0,10,PO,/  /,
10593,78943,OPT,ORO000472,Le Specs,WORK IT,53-21,2102371,LS,ORO,1,150,34,54,,$69.00,18.82,10,PO,/  /,
10597,78944,OPT,ORO000476,Le Specs,TRAGIC MAGIC,56-14,2202448,LS,ORO,1,145,48,63,,$69.00,18.82,10,PO,/  /,
10598,78945,OPT,ORO000477,Le Specs,SPEED OF NIGHT,51-19,2452317,LS,ORO,1,145,44,52,,$80.00,21.82,10,PO,/  /,
10594,78946,OPT,ORO000473,Le Specs,SHEBANG,52-16,2352174,LS,ORO,1,140,34,52,,$79.00,21.55,10,PO,/  /,
6101,78947,OPT,APO000435,LA MATA,3350,55-19,C2,WOMEN,APO,1,140,41,55,,$440.00,,GST 10%,PRACTICE OWNED,21/10/2025,
10222,78948,OPT,MOD000378,AVANTI,CHELSEA,51-16,C5,GM,MOD,1,140,35,51,,$210.00,58.5,10,PO,/  /,
10574,78949,OPT,ORO000452,Oroton,BROOKE,54-16,2456105,LM,ORO,1,140,42,55,,$330.00,117,10,PO,/  /,
10430,78950,OPT,ORO000435,OROTON,JOLLE,52-16,2356134,LS,ORO,1,140,40,52,,$340.00,117,10,PO,/  /,
9066,78951,OPT,ORO000202,OROTON,MELAQUE,54-15,1900848,LS,ORO,1,137,30,54,,$300.00,117,10,PO,/  /,
10425,78952,OPT,ORO000430,OROTON,CLAIR 54,54-17,2203262,LS,ORO,1,140,44,56,,$229.00,0,10,PO,/  /,
10590,78953,OPT,ORO000469,OROTON,PEGGY,51-19,2355608,LS,ORO,1,140,41,54,,$269.00,85.59,10,PO,/  /,
10592,78954,OPT,ORO000471,OROTON,PENELOPE,52-22,2456435,LS,ORO,1,140,37,53,,$269.00,85.59,10,PO,/  /,
10589,78955,OPT,ORO000468,OROTON,EMILY,53-17,2456492,LS,ORO,1,140,54,,,$249.00,79.23,10,PO,/  /,
10422,78956,OPT,ORO000427,OROTON,FALLON,48-20,2356440,LS,ORO,1,140,41,51,,$259.00,105.96,10,PO,/  /,
10588,78957,OPT,ORO000467,OROTON,EVERLEIGH,58-15,2456488,LS,ORO,1,140,43,58,,$269.00,188.3,10,PO,/  /,
10429,78958,OPT,ORO000434,OROTON,ADLEY,57-14,235634,LS,ORO,1,140,48,58,,$249.00,101.86,10,PO,/  /,
10426,78959,OPT,ORO000431,OROTON,BERRY,52-17,2456416,LS,ORO,1,140,40,51,,$249.00,101.86,10,PO,/  /,
10421,78960,OPT,ORO000426,OROTON,GOLDIE,54-17,2356498,LS,ORO,1,140,44,56,,$249.00,101.86,10,PO,/  /,
10424,78961,OPT,ORO000429,OROTON,DARCY,52-17,2356444,LS,ORO,1,140,43,45,,$249.00,101.86,10,PO,/  /,
9922,78962,OPT,ORO000386,OROTON,SHEA,57-16,2203258,LS,ORO,2,140,49,57,,$249.00,113.18,10,PO,/  /,
1698,78963,OPT,APO000434,LA MATA,3324,53-18,C3,WOMEN,APO,1,135,45,53,,$440.00,,GST 10%,PRACTICE OWNED,21/10/2025,
10080,78964,OPT,APO000401,Kaos,563,53-18,C3,LS,APO,1,140,43,55,,$350.00,175,10,PO,/  /,
10081,78965,OPT,APO000402,Kaos,572,52-20,C1,LS,APO,1,140,40,53,,$350.00,175,10,PO,/  /,
10398,78966,OPT,APO000423,LA MATA,3342,55-17,C1,LS,APO,1,140,40,54,,$460.00,196,10,PO,/  /,
10397,78967,OPT,APO000422,LA MATA,3319,52-21,C1,LS,APO,1,140,38,51,,$460.00,196,10,PO,/  /,
2175,78968,OPT,APO000432,LA MATA,3371,53-19,C3,WOMEN,APO,1,140,41,53,0,$440.00,,GST 10%,PRACTICE OWNED,21/10/2025,
10401,78969,OPT,APO000426,Kaos,535,53-17,C3,LS,APO,1,140,36,53,,$350.00,175,10,PO,/  /,
10312,78970,OPT,APO000418,LA MATA,3360,52-19,C2,LM,APO,1,140,43,51,,$460.00,188,10,PO,/  /,
10313,78971,OPT,APO000419,LA MATA,3364,54-17,C2,LM,APO,2,140,42,55,,$460.00,188,10,PO,/  /,
10064,78972,OPT,C&C000031,RESERVE,8259,54-18,C1,MN,C&C,1,140,37,57,,$230.00,65.56,10,PO,/  /,
10464,78973,OPT,C&C000053,RESERVE,8290,54-18,C8,MN,C&C,1,140,36,57,,$240.00,75,10,PO,/  /,
10468,78974,OPT,C&C000057,RESERVE,8290,57-18,C7,MN,C&C,1,140,36,57,,$240.00,75,10,PO,/  /,
10167,78975,OPT,C&C000036,RESERVE,8229,54-21,C1,MM,C&C,1,145,32,56,,$230.00,65.56,10,PO,/  /,
10057,78976,OPT,C&C000024,RESERVE,8281,52-18,C2,MM,C&C,1,135,36,54,,$230.00,69,10,PO,/  /,
1071,78977,OPT,RIM000291,EVATIK,9293,57-18,S416,MEN,RIMOPTICS,1,150,40,57,0,$280.00,0,GST 10%,CONSIGNMENT OWNED,22/10/2025,0
9338,78978,OPT,APO000370,LA MATA,3276,52-16,C4,LM,APO,1,135,40,52,,$440.00,156,10,PO,/  /,
9217,78979,OPT,APO000353,KAOS,444,53-18,C3,LS,APO,1,140,38,54,,$330.00,150,10,PO,/  /,
9179,78980,OPT,BON000252,AOA,8211,49-17,C2,LS,BON,1,140,34,49,,$169.00,20,10,PO,/  /,
7590,78981,OPT,ORO000111,OROTON,CLEMENCE,61-13,1603136,LM,ORO,1,135,49,64,,$215.00,87.96,10,PO,/  /,
8246,78982,OPT,RIM000296,EVATIK,9296,58-17,M116,MEN,RIMOPTICS,1,150,36,58,0,$280.00,139,GST 10%,CONSIGNMENT OWNED,22/10/2025,0
6391,78983,OPT,RIM000287,EVATIK,9289,59-18,M100,MEN,RIMOPTICS,1,150,38,59,0,$280.00,139,GST 10%,CONSIGNMENT OWNED,22/10/2025,0
2004,78984,OPT,RIM000286,EVATIK,9289,59-18,M103,MEN,RIMOPTICS,1,150,38,59,0,$280.00,139,GST 10%,PRACTICE OWNED,22/10/2025,0
5734,78985,OPT,RIM000290,EVATIK,9293,57-18,S303,MEN,RIMOPTICS,1,150,40,57,0,$280.00,0,GST 10%,CONSIGNMENT OWNED,22/10/2025,0
10463,78986,OPT,C&C000052,RESERVE,E1336,52-18,C3,LM,C&C,1,143,42,53,,$240.00,75,10,PO,/  /,
9911,78987,OPT,ORO000375,Le Specs,ADVANTAGEOUS,54-18,2226730,MM,ORO,1,145,37,57,,$219.00,72.99,10,PO,/  /,
10217,78988,OPT,RIM000247,EVATIK,9218,58-18,M100,MN,RIM,1,155,37,61,,$300.00,130,10,PO,/  /,
10216,78989,OPT,RIM000246,EVATIK,9194,56-15,M100,MM,RIM,1,145,,,,$280.00,97.3,10,PO,/  /,
10209,78990,OPT,RIM000239,EVATIK,E-9193,59-16,M103,MM,RIM,1,150,39,62,,$280.00,97.3,10,PO,/  /,
10616,78991,OPT,MAU000177,Maui Jim,HIEHIE,50-20,HS636-10,LS,MAU,1,140,43,50,,$459.00,209,10,PO,/  /,
9634,78992,OPT,MAU000131,Maui Jim,KIPAHULU,59-19,H279-03F,LS,MAU,1,120,36,60,,$335.00,144.5,10,PO,/  /,
10611,78993,OPT,MAU000172,Maui Jim,KEHA,62-15,B664-02,LS,MAU,1,130,42,68,,$399.00,226.03,10,PO,/  /,
10612,78994,OPT,MAU000173,Maui Jim,PAULELE,57-19,660-02,LS,MAU,1,145,47,60,,$359.00,163,10,PO,/  /,
10622,78995,OPT,MAU000183,Maui Jim,UILA,62-14,B661-02,MS,MAU,1,130,,,,$389.00,177,10,PO,/  /,
9621,78996,OPT,MAU000102,Maui Jim,Byron Bay,62-19,746-03F,MS,MAU,1,125,41,66,,$313.00,135.5,10,PO,/  /,
10321,78997,OPT,MAU000161,Maui Jim,GOOD FUN,57-19,BLK/TORT/GLOSS,MS,MAU,1,145,52,58,,$356.00,162,10,PO,/  /,
9879,78998,OPT,MAU000202,MAUI JIM,POKOWAI ARCH,58-17,MJ439,UNISEX,MAUI JIM,1,139,40,58,,$329.00,118,GST 10%,PRACTICE OWNED,28/10/2025,0
12513,78999,OPT,MAU000203,MAUI JIM,THE FLATS,57-19,MJ897-01,UNISEX,MAUI JIM,1,136,41,57,,$369.00,195,GST 10%,PRACTICE OWNED,28/10/2025,0
7957,79000,OPT,MAU000197,MAUI JIM,KAULIKE,53-19,MJ0687S,UNISEX,MAUI JIM,1,145,40,53,,$259.00,118,GST 10%,PRACTICE OWNED,28/10/2025,0
714,79001,OPT,MAU000205,MAUI JIM,KUNIAHI AF,58-16,MJ0688SA,UNISEX,MAUI JIM,1,145,43,58,,$259.00,118,GST 10%,PRACTICE OWNED,28/10/2025,0
11064,79002,OPT,MAU000204,MAUI JIM,HIWAHIWA,54-18,MJ0689S,UNISEX,MAUI JIM,1,145,41,54,,$459.00,,GST 10%,PRACTICE OWNED,28/10/2025,0
12132,79003,OPT,MAU000198,MAUI JIM,MA'UKELE,64-17,MJ0682S,UNISEX,MAUI JIM,1,145,38,64,,$369.00,181,GST 10%,PRACTICE OWNED,28/10/2025,0
10989,79004,OPT,MAU000199,MAUI JIM,ANO NUI,63-18,MJ0681S,UNISEX,MAUI JIM,1,130,43,63,,$369.00,168,GST 10%,PRACTICE OWNED,28/10/2025,0
8013,79005,OPT,MAU000201,MAUI JIM,KIKONIA,53-20,MJ0692S,UNISEX,MAUI JIM ,1,145,41,55,,$429.00,195,GST 10%,PRACTICE OWNED,28/10/2025,0
10617,79006,OPT,MAU000178,Maui Jim,PUKAUA,50-20,667-17A,LM,MAU,1,140,47,52,,$279.00,127,10,PO,/  /,
10623,79007,OPT,MAU000184,Maui Jim,OPIOPIO,54-20,GM659-15,MS,MAU,1,145,42,58,,$259.00,118,10,PO,/  /,
10614,79008,OPT,MAU000175,Maui Jim,KIOPAA,54-19,R671-09,LS,MAU,1,140,43,56,,$389.00,177,10,PO,/  /,
9611,79009,OPT,MAU000121,Maui Jim,Nalani,61-16,RS295-10,LS,MAU,1,126,44,62,,$398.00,172,10,PO,/  /,
10319,79010,OPT,MAU000159,Maui Jim,MANGROVES,60-18,BLK/GRY,MS,MAU,1,125,44,63,,$356.00,162,10,PO,/  /,
9806,79011,OPT,MAU000097,Maui Jim,Koki Beach Reader,56-16,H433-15T15,LS,MAU,1,130,41,58,,$372.00,166.5,10,PO,/  /,
9620,79012,OPT,MAU000101,Maui Jim,Red Sands,59-17,432-2M,MS,MAU,1,140,45,63,,$313.00,135.5,10,PO,/  /,
9631,79013,OPT,MAU000112,Maui Jim,Kanaio Coast,61-17,766-02MD,MS,MAU,1,127,38,62,,$335.00,144.5,10,PO,/  /,
10417,79014,OPT,ORO000422,OROTON,DYLAN,52-17,2203295,LS,ORO,1,140,44,53,,$229.00,93.68,10,PO,/  /,
7924,79015,OPT,HIL000001,JONATHAN PAUL,YAMBA,63-16,MJ0689S,UNISEX,,1,145,43,66,,$89.95,,GST 10%,PRACTICE OWNED,29/10/2025,0
11214,79016,OPT,HIL000015,JONATHAN PAUL,NOWIE,60-15,NW002,UNISEX,HILCO,1,145,39,60,,$89.95,,GST 10%,PRACTICE OWNED,29/10/2025,0
12707,79017,OPT,HIL000005,JONATHAN PAUL,AVIATOR,63-16,AV001A,UNISEX,HILCO,1,145,50,72,,$89.95,,GST 10%,PRACTICE OWNED,29/10/2025,0
12234,79018,OPT,HIL000002,JONATHAN PAUL,JEWEL KITTEN,63-16,001S,UNISEX,,1,145,40,58,,$89.95,,GST 10%,PRACTICE OWNED,29/10/2025,0
5328,79019,OPT,HIL000007,JONATHAN PAUL,AURORA,60-16,FAR02 GREY,UNISEX,HILCO,1,145,37,60,,$89.95,,GST 10%,PRACTICE OWNED,29/10/2025,0
8968,79020,OPT,HIL000014,JONATHAN PAUL,CHOOPA,55-15,003A,UNISEX,HILCO,1,120,39,55,,$89.95,,GST 10%,PRACTICE OWNED,29/10/2025,0
9883,79021,OPT,HIL000009,JONATHAN PAUL,ARIA,58-15,AA003,UNISEX,HILCO,1,145,36,64,,$89.95,,GST 10%,PRACTICE OWNED,29/10/2025,0
11444,79022,OPT,HIL000006,JONATHAN PAUL,AURORA,63-16,AR004S,UNISEX,HILCO,1,145,40,60,,$89.95,,GST 10%,PRACTICE OWNED,29/10/2025,0
11148,79023,OPT,HIL000010,JONATHAN PAUL,GLIDES,58-12,008SA,UNISEX,HILCO,1,125,37,58,,$89.95,,GST 10%,PRACTICE OWNED,29/10/2025,0
14467,79024,OPT,HIL000013,JONATHAN PAUL,JEWEL KITTEN,60-15,JK004S,UNISEX,HILCO,1,145,36,58,,$89.95,,GST 10%,PRACTICE OWNED,29/10/2025,0
8596,79025,OPT,HIL000003,JONATHAN PAUL,AURORA,63-16,FAR02,UNISEX,HILCO,1,145,38,60,,$89.95,,GST 10%,PRACTICE OWNED,29/10/2025,0
1027,79026,OPT,HIL000004,JONATHAN PAUL,OMBRE,62-15,JP052,UNISEX,HILCO,1,130,39,62,,$89.95,,GST 10%,PRACTICE OWNED,29/10/2025,0
8830,79027,OPT,HIL000008,JONATHAN PAUL,COOLAROO,58-15,CL001,UNISEX,HILCO,1,145,35,56,,$89.95,,GST 10%,PRACTICE OWNED,29/10/2025,0
9058,79028,OPT,ORO000194,OROTON,FLORENCE,58-15,2003211,US,ORO,1,140,53,64,,$235.00,96.14,10,PO,/  /,
9975,79029,OPT,FRA000059,HENRY WILLIS,MATEO,57-17,C2,US,FRA,1,148,41,59,,$125.00,20.95,10,PO,/  /,
10626,79030,OPT,MAU000187,ZEAL,FREMONT,57-18,12868,MS,MAU,1,140,44,59,,$209.00,95,10,PO,/  /,
8239,79031,OPT,AUS000397,CLARITY S/GLASS,P887,52-19,C1,MS,AUS,1,146,41,62,,$110.00,15,10,PO,/  /,
10089,79032,OPT,MAU000149,ZEAL,PAONIA,50-22,12559,LS,MAU,1,141,47,52,,$176.00,80,10,PO,/  /,
8882,79033,OPT,MAU000195,ZEAL,WESTWATER,61-14,12974,UNISEX,MAUI JIM,1,135,43,61,,$209.00,104,GST 10%,PRACTICE OWNED,28/10/2025,0
6262,79034,OPT,MAU000194,ZEAL,ROWEN,52-21,12980,UNISEX,MAUI JIM,1,130,38,51,,$176.00,95,GST 10%,PRACTICE OWNED,28/10/2025,0
5059,79035,OPT,MAU000196,ZEAL,ESSENTIAL,58-19,10394,UNISEX,MAUI JIM,1,128,39,58,,$176.00,55,GST 10%,PRACTICE OWNED,28/10/2025,0
1304,79036,OPT,MAU000200,ZEAL,HOWLAND,56-19,12977,UNISEX,MAUI JIM,1,140,42,56,,$209.00,95,GST 10%,PRACTICE OWNED,28/10/2025,0
7301,79037,OPT,MAU000193,ZEAL,WINDSOR,51-20,12745,UNISEX,MAU,1,135,44,53,0,$209.00,,GST 10%,PRACTICE OWNED,23/10/2025,0
10629,79038,OPT,MAU000190,ZEAL,CONFLUENCE,63-16,12816,MS,MAU,1,125,43,67,,$176.00,80,10,PO,/  /,
8633,79039,OPT,MAU000061,ZEAL,WINDSOR,51-20,11477,US,MAU,1,135,45,54,,$176.00,75,10,PO,/  /,
10628,79040,OPT,MAU000189,ZEAL,JUNO,51-19,12875,MS,MAU,1,140,42,50,,$199.00,90,10,PO,/  /,
10667,79041,OPT,MAU000192,ZEAL,JUNO,51-19,12876,MS,MAU,1,140,42,50,,$199.00,90,10,PO,/  /,
9637,79042,OPT,MAU000134,ZEAL,SALIDA,60-18,12017,MS,MAU,2,135,35,61,,$176.00,80,10,PO,/  /,
9638,79043,OPT,MAU000135,ZEAL,SALIDA,60-18,12020,MS,MAU,1,135,35,61,,$176.00,75,10,PO,/  /,
10090,79044,OPT,MAU000150,ZEAL,SALIDA,60-18,12019,MS,MAU,1,135,35,62,,$176.00,80,10,PO,/  /,
10625,79045,OPT,MAU000186,ZEAL,FREMONT,57-18,12872,MS,MAU,1,140,44,59,,$209.00,95,10,PO,/  /,
10323,79046,OPT,MAU000163,ZEAL,CROWLEY,49-22,12743,LS,MAU,1,135,46,49,,$176.00,80,10,PO,/  /,
935,79047,OPT,MAU000049,ZEAL,CADDIS,63-15,11439,MEN,MAU,1,131,43,60,0,$176.00,,GST 10%,PRACTICE OWNED,23/10/2025,0
9342,79048,OPT,MAU000083,ZEAL,ANDE,58-15,11834,LS,MAU,1,140,48,58,,$176.00,75,10,PO,/  /,
9973,79049,OPT,FRA000057,HENRY WILLIS,MATEO,57-17,C1,US,FRA,1,148,41,59,,$125.00,20.95,10,PO,/  /,
9926,79050,OPT,ORO000390,OROTON,ROWAN,54-16,2103386,LS,ORO,1,140,47,54,,$229.00,93.68,10,PO,/  /,
9018,79051,OPT,AUS000577,CASA,05,54-20,C1,RXS,AUS,1,145,46,56,,$120.00,9.5,10,PO,/  /,
9978,79052,OPT,FRA000062,HENRY WILLIS,LEO,49-21,C2,LS,FRA,1,145,43,49,,$125.00,20.95,10,PO,/  /,
9016,79053,OPT,AUS000575,CASA,02,55-19,C2,RXS,AUS,1,140,48,55,,$120.00,9.5,10,PO,/  /,
10591,79054,OPT,ORO000470,OROTON,EASTON,53-21,2356490,LS,ORO,1,140,44,57,,$249.00,79.23,10,PO,/  /,
9596,79055,OPT,MAU000095,ZEAL,PESCADERO,56-15,12006,MM,MAU,1,145,47,62,,$253.00,110,10,PO,/  /,
10164,79056,OPT,MAU000153,ZEAL,HAWKER,59-14,12719,MS,MAU,1,145,48,63,,$198.00,115,10,PO,/  /,
9597,79057,OPT,MAU000096,ZEAL,SHIPSTERN,56-15,12009,MM,MAU,1,145,45,60,,$253.00,110,10,PO,/  /,
10165,79058,OPT,MAU000154,ZEAL,SKYWAY,51-15,12723,MS,MAU,1,145,47,58,,$198.00,115,10,PO,/  /,
10627,79059,OPT,MAU000188,ZEAL,WHITTIER,54-18,12824,MS,MAU,1,140,42,56,,$176.00,80,10,PO,/  /,
9480,79060,OPT,MAU000093,ZEAL,LOLO,51-24,11984,LS,MAU,1,149,44,55,,$176.00,75,10,PO,/  /,
10324,79061,OPT,MAU000164,ZEAL,CROWLEY,49-22,12742,LS,MAU,1,135,46,48,,$176.00,80,10,PO,/  /,
9020,79062,OPT,AUS000579,CASA,02,55-19,C3,RXS,AUS,1,140,48,55,,$120.00,9.5,10,PO,/  /,
6065,79063,OPT,RIM000289,SENSES,CASS,52-17,C2,WOMEN,RIMOPTICS,1,135,43,52,0,$169.00,59.95,GST 10%,CONSIGNMENT OWNED,22/10/2025,0
1349,79064,OPT,AUS000858,CASA,06,54-17,C3,UNISEX,AUSSIE OPTICAL,1,138,40,54,0,$120.00,12.5,GST 10%,PRACTICE OWNED,21/10/2025,
8649,79065,OPT,CASA 27 C3,CASA,27,53-15,C3,,,,,,53,,$120.00,,,,,
10546,79066,OPT,AUS000828,CASA,326,50-19,C2,LS,AUS,1,142,40,56,,$130.00,12.5,10,PO,/  /,
8651,79067,OPT,CASA 339 C4,CASA,339,53-18,C4,,,,,,53,,$120.00,,,,,
8652,79068,OPT,CASA 340 C1,CASA,340,54-16,C1,,,,,,54,,$120.00,,,,,
731,79069,OPT,RIM000288,SENSES,CASS,52-17,C3,WOMEN,RIMOPTICS,1,135,43,52,0,$169.00,59.95,GST 10%,CONSIGNMENT OWNED,22/10/2025,0
9120,79070,OPT,AUS000611,CLARITY S/GLASS,CLASUN23,55-17,C5,MS,AUS,1,145,39,58,,$110.00,15,10,PO,/  /,
9017,79071,OPT,AUS000576,CASA,05,54-20,C2,RXS,AUS,1,145,46,56,,$120.00,9.5,10,PO,/  /,
8654,79072,OPT,CASA 342 C5,CASA,342,54-17,C5,,,,,,54,,$120.00,,,,,
8644,79073,OPT,CASA 06 C3,CASA,6,54-17,C3,,,,,,54,,$120.00,,,,,
8643,79074,OPT,CASA 05 C1,CASA,5,53 -17,C1,,,,,,53,,$120.00,,,,,
8650,79075,OPT,CASA 325 C1,CASA,325,53-17,C1,,,,,,53,,$120.00,,,,,
8653,79076,OPT,CASA 340 C3,CASA,340,54-16,C3,,,,,,54,,$120.00,,,,,
8647,79077,OPT,CASA 27 C1,CASA,27,53-15,C1,,,,,,53,,$120.00,,,,,
10553,79078,OPT,AUS000835,CASA,27,53-15,C2,LS,AUS,1,140,40,53,,$120.00,10,10,PO,/  /,
10543,79079,OPT,AUS000825,CASA,318,50-19,C1,US,AUS,1,142,38,50,,$120.00,10,10,PO,/  /,
10554,79080,OPT,AUS000836,CASA,297,50-19,C3,US,AUS,1,140,43,53,,$120.00,10,10,PO,/  /,
10547,79081,OPT,AUS000829,CASA,324,52-16,C1,LM,AUS,1,142,C1,,,$130.00,12.5,10,PO,/  /,
10542,79082,OPT,AUS000824,CASA,015,50-21,C1,LS,AUS,1,140,41,52,,$120.00,10,10,PO,/  /,
10275,79083,OPT,AUS000799,CASA,303,50-19,C2,LM,AUS,1,140,44,52,,$120.00,12.15,10,PO,/  /,
8655,79084,OPT,CLARITY 1180 C1,CLARITY,1180,54-17,C1,,,,,,54,,$120.00,,,,,
8026,79085,OPT,AUS000328,CLARITY,1181,47-15,C2,LS,AUS,1,130,34,49,,$120.00,9.5,10,PO,/  /,
9042,79086,OPT,AUS000601,CLARITY,1511,48-15,C2,BS,AUS,2,140,38,51,,$120.00,9.5,10,PO,/  /,
8857,79087,OPT,AUS000569,CLARITY,1181,45-15,C3,LS,AUS,1,130,34,49,,$120.00,10.75,10,PO,/  /,
8658,79088,OPT,CLARITY 1212 C2,CLARITY,1212,54-15,C2,,,,,,54,,$120.00,,,,,
8656,79089,OPT,CLARITY 1181 C1,CLARITY,1181,47-15,C1,,,,,,47,,$120.00,,,,,
8670,79090,OPT,CLARITY 2131 C1,CLARITY,2131,54-17,C1,,,,,,54,,$120.00,,,,,
7823,79091,OPT,AUS000258,CLARITY,1239,53-16,C1,LS,AUS,1,135,38,53,,$120.00,8.95,10,PO,/  /,
8661,79092,OPT,CLARITY 1239 C3,CLARITY,1239,53-16,C3,,,,,,53,,$120.00,,,,,
8032,79093,OPT,AUS000334,CLARITY,1253,48-19,C2,MS,AUS,1,140,37,48,,$120.00,8.95,10,PO,/  /,
8856,79094,OPT,AUS000568,CLARITY,1243,53-16,C1,LS,AUS,1,135,41,53,,$120.00,9.5,10,PO,/  /,
10282,79095,OPT,AUS000806,CLARITY,2033,53-14,C2,LS,AUS,1,140,40,53,,$120.00,9.75,10,PO,/  /,
10551,79096,OPT,AUS000833,CASA,112,60-16,C2,MS,AUS,1,150,40,63,,$120.00,10,10,PO,/  /,
10550,79097,OPT,AUS000832,CASA,112,60-16,C1,MS,AUS,1,150,40,63,,$120.00,10,10,PO,/  /,
9130,79098,OPT,AUS000617,CLARITY,1243,53-16,C2,LS,AUS,1,135,41,53,,$120.00,9.5,10,PO,/  /,
9142,79099,OPT,AUS000629,CLARITY,1185,51-16,C1,MS,AUS,1,140,37,52,,$120.00,9.75,10,PO,/  /,
9843,79100,OPT,AUS000719,CLARITY,4819,55-16,C2,LM,AUS,1,140,48,57,,$120.00,9.75,10,PO,/  /,
9859,79101,OPT,AUS000721,CLARITY,4774,51-19,C02,UN,AUS,1,140,44,52,,$149.00,9.75,10,PO,/  /,
10270,79102,OPT,AUS000794,CLARITY,4838,52-16,C2,LM,AUS,1,135,38,54,,$120.00,12.15,10,PO,/  /,
10703,79103,OPT,AUS000849,CLARITY,4788,52-15,C4,LM,AUS,1,138,39,53,,$120.00,10.5,10,PO,/  /,
10272,79104,OPT,AUS000796,CLARITY,4838,52-16,C4,LM,AUS,1,135,38,54,,$120.00,12.15,10,PO,/  /,
10125,79105,OPT,AUS000770,CASA,113,50-16,C4,US,AUS,1,135,33,52,,$120.00,13,10,PO,/  /,
10296,79106,OPT,AUS000820,CLARITY,4742,56-18,C3,MM,AUS,1,140,36,60,,$149.00,12.15,10,PO,/  /,
8255,79107,OPT,AUS000413,CLARITY,4752,56-17,C1,MM,AUS,2,140,35,58,,$149.00,12.15,10,PO,/  /,
8673,79108,OPT,CLARITY 4705 C2,CLARITY,4705,50-20,C2,,,,,,50,,$120.00,,,,,
8677,79109,OPT,CLARITY 4781 C3,CLARITY,4781,45-17,C3,,,,,,45,,$120.00,,,,,
8672,79110,OPT,CLARITY 4628 C3,CLARITY,4628,52-28,C3,,,,,,52,,$120.00,,,,,
7970,79111,OPT,AUS000295,CLARITY,4713,51-17,C5,MM,AUS,1,140,32,54,,$149.00,8.95,10,PO,/  /,
10047,79112,OPT,AUS000742,CLARITY,4799,57-17,C3,MM,AUS,1,145,48,64,,$120.00,9.75,10,PO,/  /,
8687,79113,OPT,CLARITY 4907 C1,CLARITY,4907,45-17,C1,,,,,,45,,$120.00,,,,,
10562,79114,OPT,AUS000844,CLARITY MILAN,4908,49-17,C3,LM,AUS,1,130,42,50,,$120.00,10,10,PO,/  /,
8682,79115,OPT,CLARITY 4802 C3,CLARITY,4802,58-17,C3,,,,,,58,,$120.00,,,,,
8645,79116,OPT,CASA 112 C1,CASA,112,60-16,C1,,,,,,60,,$120.00,,,,,
10048,79117,OPT,AUS000743,CLARITY,4799,57-17,C1,MM,AUS,1,145,48,64,,$120.00,9.75,10,PO,/  /,
9865,79118,OPT,AUS000727,CLARITY,4714,58-17,C2,MM,AUS,1,145,35,62,,$149.00,9.75,10,PO,/  /,
9834,79119,OPT,AUS000710,CLARITY,2037,51-17,C2,MS,AUS,1,140,40,55,,$120.00,9.75,10,PO,/  /,
10267,79120,OPT,AUS000791,CLARITY,1251,53-17,C1,MS,AUS,1,140,37,55,,$120.00,9.35,10,PO,/  /,
5562,79121,OPT,AUS000860,CLARITY,1243,53-16,C1,WOMEN,AUSSIE OPTICAL,1,135,40,53,0,$120.00,0,GST 10%,PRACTICE OWNED,22/10/2025,0
9826,79122,OPT,AUS000702,CLARITY,2100,54-17,C03,GS,AUS,1,140,36,55,,$120.00,9.75,10,PO,/  /,
8668,79123,OPT,CLARITY 1550 C5,CLARITY,1550,53-17,C5,,,,,,53,,$120.00,,,,,
10285,79124,OPT,AUS000809,CLARITY,2127,53-16,C2,US,AUS,1,140,42,53,,$120.00,9.75,10,PO,/  /,
7548,79125,OPT,AUS000227,CLARITY,1223,57-18,C3,MS,AUS,1,145,37,58,,$120.00,9.75,10,PO,/  /,
8664,79126,OPT,CLARITY 1299 C3,CLARITY,1299,55-16,C3,,,,,,55,,$120.00,,,,,
10039,79127,OPT,AUS000734,CLARITY,1323,51-17,C2,GS,AUS,1,140,42,52,,$120.00,9.75,10,PO,/  /,
10118,79128,OPT,AUS000765,CLARITY,2104,51-15,C1,GS,AUS,1,135,35,53,,$120.00,9.75,10,PO,/  /,
10286,79129,OPT,AUS000810,CLARITY,2129,54-17,C3,MS,AUS,1,145,40,57,,$120.00,9.75,10,PO,/  /,
10274,79130,OPT,AUS000798,CASA,302,55-15,C2,LM,AUS,1,140,40,54,,$120.00,12.15,10,PO,/  /,
8455,79131,OPT,AUS000503,CLARITY,1315,53-16,C2,MS,AUS,1,140,38,57,,$120.00,8.75,10,PO,/  /,
8236,79132,OPT,AUS000394,CLARITY,1240,52-17,C2,LS,AUS,1,140,36,53,,$120.00,9.5,10,PO,/  /,
8265,79133,OPT,AUS000423,CLARITY,1215,50-20,C2,LS,AUS,1,138,40,50,,$120.00,8.95,10,PO,/  /,
8657,79134,OPT,CLARITY 1212 C1,CLARITY,1212,54-15,C1,,,,,,54,,$120.00,,,,,
7557,79135,OPT,AUS000236,CLARITY,1192,53-17,C2,LS,AUS,1,135,33,53,,$120.00,9.75,10,PO,/  /,
8283,79136,OPT,AUS000441,CLARITY,1298,53-16,C3,MS,AUS,1,140,34,56,,$120.00,8.95,10,PO,/  /,
8659,79137,OPT,CLARITY 1223 C2,CLARITY,1223,57-18,C2,,,,,,57,,$120.00,,,,,
8646,79138,OPT,CASA 112 C2,CASA,112,60-16,C2,,,,,,60,,$120.00,,,,,
8646,79139,OPT,BON000149,MARS,MFK618,46-16,C5,GS,BON,1,128,27,47,,$149.00,20,10,PO,/  /,
7949,79140,OPT,AUS000274,CLARITY,1221,53-17,C3,MS,AUS,1,138,39,53,,$120.00,9.5,10,PO,/  /,
8660,79141,OPT,CLARITY 1239 C2,CLARITY,1239,53-16,C2,,,,,,53,,$120.00,,,,,
8666,79142,OPT,CLARITY 1323 C1,CLARITY,1323,51-17,C1,,,,,,51,,$120.00,,,,,
7141,79143,OPT,AUS000143,CLARITY,1180,54-17,C2,LS,AUS,1,140,36,55,,$120.00,9.75,10,PO,/  /,
7495,79144,OPT,AUS000212,CLARITY,1223,57-18,C1,MS,AUS,1,145,37,59,,$120.00,9.75,10,PO,/  /,
8849,79145,OPT,AUS000561,CLARITY,1299,55-16,C2,MS,AUS,1,138,35,55,,$120.00,9.5,10,PO,/  /,
10266,79146,OPT,AUS000790,CLARITY,1272,53-17,C3,MS,AUS,1,145,38,56,,$120.00,9.35,10,PO,/  /,
2029,79147,OPT,AUS000859,CLARITY,4709,54-17,C3,WOMEN,AUSSIE OPTICAL,1,135,40,54,0,$120.00,12.5,GST 10%,PRACTICE OWNED,21/10/2025,
